model_name,predictions,pqs_modified,total_modified_files,parsed_files_reported_by_batfish,verification_state,verification_error,count_passed,count_partially_parsed,count_failed,count_unknown
Llama-3.1-8B-Instruct,"[configs/router1.cfg]
!RANCID-CONTENT-TYPE: cisco
!
hostname R1
!
interface Ethernet0/2
 ip address 10.0.14.1 255.255.255.0
 no shutdown
!
!
end
[/configs/router1.cfg]",1.0,1,1,VERIFIED,,1,0,0,0
Llama-3.1-8B-Instruct,"[configs/router2.cfg]
!RANCID-CONTENT-TYPE: cisco
!
hostname R2
!
interface Ethernet0/1
 mtu 1500
!
!
end
[/configs/router2.cfg]",1.0,1,1,VERIFIED,,1,0,0,0
Llama-3.1-8B-Instruct,"[configs/router3.cfg]
!RANCID-CONTENT-TYPE: cisco
!
hostname R3
!
interface loopback0
 ip address 33.33.33.33 255.255.255.255
!
!
end
[/configs/router3.cfg]",1.0,1,1,VERIFIED,,1,0,0,0
Llama-3.1-8B-Instruct,"[configs/router1.cfg]
!RANCID-CONTENT-TYPE: cisco
!
hostname R1
!
interface Ethernet0/2
 ip address 10.0.14.1 255.255.255.0
 no shutdown
 switchport mode trunk
 switchport trunk allowed vlan 10,20,14
!
!
end
[/configs/router1.cfg]",1.0,1,1,VERIFIED,,1,0,0,0
Llama-3.1-8B-Instruct,"[configs/router2.cfg]
!RANCID-CONTENT-TYPE: cisco
!
hostname R2
!
interface Ethernet0/2
 shutdown
!
!
end
[/configs/router2.cfg]",1.0,1,1,VERIFIED,,1,0,0,0
Llama-3.1-8B-Instruct,"[configs/router2.cfg]
!RANCID-CONTENT-TYPE: cisco
!
hostname R2
!
interface Ethernet0/1
 description Link to R3
!
!
end
[/configs/router2.cfg]",1.0,1,1,VERIFIED,,1,0,0,0
Llama-3.1-8B-Instruct,"[configs/router3.cfg]
!RANCID-CONTENT-TYPE: cisco
!
hostname R3
!
interface Ethernet0/0
 bandwidth 1500
!
!
end
[/configs/router3.cfg]",1.0,1,1,VERIFIED,,1,0,0,0
Llama-3.1-8B-Instruct,"[configs/router3.cfg]
!RANCID-CONTENT-TYPE: cisco
!
hostname R3
!
interface Ethernet0/2
 no ip proxy-arp
!
!
end
[/configs/router3.cfg]",1.0,1,1,VERIFIED,,1,0,0,0
Llama-3.1-8B-Instruct,"[configs/router4.cfg]
!RANCID-CONTENT-TYPE: cisco
!
hostname R4
!
interface Ethernet0/1
 ip arp timeout 600
!
!
end
[/configs/router4.cfg]",1.0,1,1,VERIFIED,,1,0,0,0
Llama-3.1-8B-Instruct,"[configs/router4.cfg]
!RANCID-CONTENT-TYPE: cisco
!
hostname R4
!
interface loopback0
 ip address 44.44.44.44 255.255.255.255
!
!
end
[/configs/router4.cfg]",1.0,1,1,VERIFIED,,1,0,0,0
Llama-3.1-8B-Instruct,"[configs/router3.cfg]
!RANCID-CONTENT-TYPE: cisco
!
hostname R3
!
ip route 10.0.1.0 255.255.255.0 10.0.23.1
!
end
[/configs/router3.cfg]",1.0,1,1,VERIFIED,,1,0,0,0
Llama-3.1-8B-Instruct,"[configs/router4.cfg]
!RANCID-CONTENT-TYPE: cisco
!
hostname R4
!
interface Ethernet0/0
 ip address 10.0.14.2 255.255.255.0
 no shutdown
!
ip route 0.0.0.0 0.0.0.0 10.0.14.1
router ospf 1
 network 10.0.14.0 0.0.0.255 area 0
!
!
end
[/configs/router4.cfg]

[configs/router1.cfg]
!RANCID-CONTENT-TYPE: cisco
!
hostname R1
!
router ospf 1
 area 0 authentication
 area 0 authentication-key ospfkey
!
!
end
[/configs/router1.cfg]",0.75,2,2,VERIFIED,,1,1,0,0
Llama-3.1-8B-Instruct,"[configs/router2.cfg]
!RANCID-CONTENT-TYPE: cisco
!
hostname R2
!
ip route 10.0.1.0 255.255.255.0 10.0.12.1
!
end
[/configs/router2.cfg]",1.0,1,1,VERIFIED,,1,0,0,0
Llama-3.1-8B-Instruct,"[configs/router2.cfg]
!RANCID-CONTENT-TYPE: cisco
!
hostname R2
!
router ospf 2
 network 10.0.12.0 0.0.0.255 area 0
 network 10.0.23.0 0.0.0.255 area 0
 network 10.0.24.0 0.0.0.255 area 0
!
show ip ospf interface
show ip ospf neighbor
show ip route ospf
!
end
[/configs/router2.cfg]",0.5,1,1,VERIFIED,,0,1,0,0
Llama-3.1-8B-Instruct,"[configs/router3.cfg]
!RANCID-CONTENT-TYPE: cisco
!
hostname R3
!
router ospf 100
 router-id 3.3.3.3
!
!
end
[/configs/router3.cfg]",1.0,1,1,VERIFIED,,1,0,0,0
Llama-3.1-8B-Instruct,"[configs/router2.cfg]
!RANCID-CONTENT-TYPE: cisco
!
hostname R2
!
interface Ethernet0/2
 ip address 10.0.24.1 255.255.255.0
 no shutdown
 ip ospf network point-to-point
 ip ospf cost 50
!
router ospf 1
 network 10.0.12.0 0.0.0.255 area 0
 network 10.0.23.0 0.0.0.255 area 0
 network 10.0.24.0 0.0.0.255 area 0
!
!
end
[/configs/router2.cfg]

[configs/router4.cfg]
!RANCID-CONTENT-TYPE: cisco
!
hostname R4
!
interface Ethernet0/1
 ip address 10.0.24.2 255.255.255.0
 no shutdown
 ip ospf network point-to-point
 ip ospf cost 50
!
!
end
[/configs/router4.cfg]",1.0,2,2,VERIFIED,,2,0,0,0
Llama-3.1-8B-Instruct,"[configs/router4.cfg]
!RANCID-CONTENT-TYPE: cisco
!
hostname R4
!
router ospf 1
 network 10.0.34.0 0.0.0.255 area 0
 passive-interface Ethernet0/2
!
interface Ethernet0/2
 ip ospf authentication
 ip ospf authentication-key ospfkey
!
!
end
[/configs/router4.cfg]

[configs/router3.cfg]
!RANCID-CONTENT-TYPE: cisco
!
hostname R3
!
router ospf 1
 network 10.0.34.0 0.0.0.255 area 0
 network 10.0.2.0 0.0.0.255 area 0
 passive-interface Ethernet0/1
!
interface Ethernet0/1
 ip ospf authentication
 ip ospf authentication-key ospfkey
!
!
end
[/configs/router3.cfg]",1.0,2,2,VERIFIED,,2,0,0,0
Llama-3.1-8B-Instruct,"[configs/router4.cfg]
!RANCID-CONTENT-TYPE: cisco
!
hostname R4
!
ip route 0.0.0.0 0.0.0.0 10.0.14.1 255.255.255.255
no ip route 0.0.0.0 0.0.0.0 10.0.14.1 255.255.255.255
show ip route
!
end
[/configs/router4.cfg]

[configs/router1.cfg]
!RANCID-CONTENT-TYPE: cisco
!
hostname R1
!
interface Ethernet0/2
 no ip address 10.0.14.1 255.255.255.0
 shutdown
!
!
end
[/configs/router1.cfg]

[configs/router2.cfg]
!RANCID-CONTENT-TYPE: cisco
!
hostname R2
!
interface Ethernet0/2
 no ip address 10.0.24.1 255.255.255.0
 shutdown
!
!
end
[/configs/router2.cfg]

[configs/router3.cfg]
!RANCID-CONTENT-TYPE: cisco
!
hostname R3
!
interface Ethernet0/1
 no ip address 10.0.34.1 255.255.255.0
 shutdown
!
!
end
[/configs/router3.cfg]",0.5,4,4,VERIFIED,,0,4,0,0
Llama-3.1-8B-Instruct,"[configs/router3.cfg]
!RANCID-CONTENT-TYPE: cisco
!
hostname R3
!
interface Ethernet0/1
 ip ospf hello-interval 10
!
!
end
[/configs/router3.cfg]",1.0,1,1,VERIFIED,,1,0,0,0
Llama-3.1-8B-Instruct,"[configs/router1.cfg]
!RANCID-CONTENT-TYPE: cisco
!
hostname R1
!
interface Ethernet0/2
 ip ospf authentication
 ip ospf authentication-key netpass
!
!
end
[/configs/router1.cfg]",1.0,1,1,VERIFIED,,1,0,0,0
Llama-3.1-8B-Instruct,"[configs/router1.cfg]
!RANCID-CONTENT-TYPE: cisco
!
hostname R1
!
ip access-list extended R1-ACL-EXT-1
 deny tcp 10.0.1.0 0.0.0.255 any eq 23
 permit ip any any
!
interface Ethernet0/0
 ip access-group R1-ACL-EXT-1 in
!
interface Ethernet0/1
 ip access-group R1-ACL-EXT-1 in
!
interface Ethernet0/2
 ip access-group R1-ACL-EXT-1 in
!
!
end
[/configs/router1.cfg]",1.0,1,1,VERIFIED,,1,0,0,0
Llama-3.1-8B-Instruct,"[configs/router1.cfg]
!RANCID-CONTENT-TYPE: cisco
!
hostname R1
!
ip access-list extended DENY_TELNET
 deny tcp 10.0.1.0 0.0.0.255 any eq 23
 permit ip any any
!
interface Ethernet0/0
 ip access-group DENY_TELNET in
!
!
end
[/configs/router1.cfg]",1.0,1,1,VERIFIED,,1,0,0,0
Llama-3.1-8B-Instruct,"[configs/router3.cfg]
!RANCID-CONTENT-TYPE: cisco
!
hostname R3
!
ip access-list standard R3_Access_Control_List_1
 permit 10.0.2.0 0.0.0.255
!
interface Ethernet0/2
 ip access-group R3_Access_Control_List_1 in
!
!
end
[/configs/router3.cfg]",1.0,1,1,VERIFIED,,1,0,0,0
Llama-3.1-8B-Instruct,"[configs/router4.cfg]
!RANCID-CONTENT-TYPE: cisco
!
hostname R4
!
ip access-list extended DENY_ICMP
 deny icmp any 10.0.14.0 0.0.0.255
 permit ip any any
!
!
end
[/configs/router4.cfg]",1.0,1,1,VERIFIED,,1,0,0,0
Llama-3.1-8B-Instruct,"[configs/router3.cfg]
!RANCID-CONTENT-TYPE: cisco
!
hostname R3
!
ip domain-name lab.local
ip ssh version 2
ip ssh server enable
ip ssh source-interface Ethernet0/0
ip ssh port 22
ip ssh version 2
ip ssh key-exchange group dh-group14-sha1
ip ssh authentication-retries 3
ip ssh timeout 120
ip ssh version 2
!
end
[/configs/router3.cfg]",0.5,1,1,VERIFIED,,0,1,0,0
Llama-3.1-8B-Instruct,"[configs/router4.cfg]
!RANCID-CONTENT-TYPE: cisco
!
hostname R4
!
username r4password privilege 15 secret cisco
line vty 0 4
 password r4password
 login local
 transport input telnet
!
!
end
[/configs/router4.cfg]",1.0,1,1,VERIFIED,,1,0,0,0
Llama-3.1-8B-Instruct,"[configs/router1.cfg]
!RANCID-CONTENT-TYPE: cisco
!
hostname R1
!
enable secret cisco123
!
end
[/configs/router1.cfg]",0.5,1,1,VERIFIED,,0,1,0,0
Llama-3.1-8B-Instruct,"[configs/router2.cfg]
!RANCID-CONTENT-TYPE: cisco
!
hostname R2
!
enable password cisco
line vty 0 4
 password cisco
 login
!
!
end
[/configs/router2.cfg]",1.0,1,1,VERIFIED,,1,0,0,0
Llama-3.1-8B-Instruct,"[configs/router3.cfg]
!RANCID-CONTENT-TYPE: cisco
!
hostname R3
!
aaa new-model
aaa authentication login default local
aaa authentication enable default local
aaa authorization exec default local
aaa accounting default start-stop system
aaa accounting commands default local
aaa accounting network default local
aaa authorization commands 15 default local
aaa authorization commands 0 default local
!
end
[/configs/router3.cfg]",0.5,1,1,VERIFIED,,0,1,0,0
Llama-3.1-8B-Instruct,"[configs/router1.cfg]
!RANCID-CONTENT-TYPE: cisco
!
hostname R1
!
snmp-server community private RO
snmp-server community private RW
snmp-server host 10.0.1.1
!
end
[/configs/router1.cfg]",0.5,1,1,VERIFIED,,0,1,0,0
Llama-3.1-8B-Instruct,"[configs/switch2.cfg]
!RANCID-CONTENT-TYPE: cisco
!
hostname SW2
!
vlan database
 vlan 20
!
interface fa0/24
 switchport mode trunk
 switchport trunk allowed vlan add 10,20,30,40
!
!
end
[/configs/switch2.cfg]",0.5,1,1,VERIFIED,,0,1,0,0
Llama-3.1-8B-Instruct,"[configs/switch1.cfg]
!RANCID-CONTENT-TYPE: cisco
!
hostname SW1
!
interface FastEthernet0/1
 switchport mode access
 switchport access vlan 10
 spanning-tree portfast
 spanning-tree bpduguard
!
!
end
[/configs/switch1.cfg]",1.0,1,1,VERIFIED,,1,0,0,0
Llama-3.1-8B-Instruct,"[configs/switch2.cfg]
!RANCID-CONTENT-TYPE: cisco
!
hostname SW2
!
spanning-tree vlan 40 root primary
spanning-tree vlan 40 cost 0
interface fa0/24
 spanning-tree vlan 40 port-type edge
 spanning-tree vlan 40 priority 0
 spanning-tree vlan 40 cost 0
!
interface fa0/1
 spanning-tree vlan 40 port-type edge
 spanning-tree vlan 40 cost 0
!
!
end
[/configs/switch2.cfg]",1.0,1,1,VERIFIED,,1,0,0,0
Llama-3.1-8B-Instruct,"[configs/switch1.cfg]
!RANCID-CONTENT-TYPE: cisco
!
hostname SW1
!
vlan database
 vlan 20
!
interface FastEthernet0/24
 switchport mode trunk
 switchport trunk native vlan 20
!
!
end
[/configs/switch1.cfg]",0.5,1,1,VERIFIED,,0,1,0,0
Llama-3.1-8B-Instruct,"[configs/switch2.cfg]
!RANCID-CONTENT-TYPE: cisco
!
hostname SW2
!
vlan 40
!
interface vlan 40
 ip address 10.0.4.1 255.255.255.0
 no shutdown
!
!
end
[/configs/switch2.cfg]",1.0,1,1,VERIFIED,,1,0,0,0
Llama-3.1-8B-Instruct,"[configs/switch2.cfg]
!RANCID-CONTENT-TYPE: cisco
!
hostname SW2
!
interface FastEthernet0/1
 switchport mode access
 switchport access vlan 30
 storm control broadcast level 10
!
!
end
[/configs/switch2.cfg]",0.5,1,1,VERIFIED,,0,1,0,0
Llama-3.1-8B-Instruct,"[configs/switch1.cfg]
!RANCID-CONTENT-TYPE: cisco
!
hostname SW1
!
interface FastEthernet0/24
 switchport mode trunk
 switchport trunk allowed vlan add 10,20
!
vlan database
 vlan 20
!
!
end
[/configs/switch1.cfg]",0.5,1,1,VERIFIED,,0,1,0,0
Llama-3.1-8B-Instruct,"[configs/switch2.cfg]
!RANCID-CONTENT-TYPE: cisco
!
hostname SW2
!
interface FastEthernet0/1
 switchport mode access
 switchport access vlan 30
 switchport port-security
 switchport port-security maximum 2
 switchport port-security violation restrict
 switchport port-security action shutdown
 switchport port-security aging time 300
 switchport port-security aging type inactivity
 switchport port-security quiet-time 60
 switchport port-security lockout-time 300
!
!
end
[/configs/switch2.cfg]",1.0,1,1,VERIFIED,,1,0,0,0
Llama-3.1-8B-Instruct,"[configs/router4.cfg]
!RANCID-CONTENT-TYPE: cisco
!
hostname R4
!
ip dhcp pool DHCP_POOL_10_0_14
 network 10.0.14.0 255.255.255.0
 dns-server 8.8.8.8
 default-router 10.0.14.1
 lease 1 0 0 1
 ip address 10.0.14.100 10.0.14.200
!
!
end
[/configs/router4.cfg]",0.5,1,1,VERIFIED,,0,1,0,0
Llama-3.1-8B-Instruct,"[configs/router1.cfg]
!RANCID-CONTENT-TYPE: cisco
!
hostname R1
!
interface Ethernet0/0
 ip address 10.0.1.1 255.255.255.0
 no shutdown
!
interface Ethernet0/1
 ip address 10.0.12.1 255.255.255.0
 no shutdown
 ip ospf authentication
 ip ospf authentication-key ospfkey
!
interface Ethernet0/2
 ip address 10.0.14.1 255.255.255.0
 no shutdown
!
router ospf 1
 network 10.0.1.0 0.0.0.255 area 0
 network 10.0.12.0 0.0.0.255 area 0
!
!
end
[/configs/router1.cfg]",1.0,1,1,VERIFIED,,1,0,0,0
Llama-3.1-8B-Instruct,"[configs/router3.cfg]
!RANCID-CONTENT-TYPE: cisco
!
hostname R3
!
service timestamps debug datetime msec
service timestamps log datetime msec
service password-encryption
ip cef
ip domain-name example.com
ip name-server 10.0.23.2
ntp server 10.0.23.2
ntp authenticate
ntp authentication-key 1 md5 ospfkey
ntp trusted-key 1
ntp source Ethernet0/0
ntp broadcast client
!
end
[/configs/router3.cfg]",0.5,1,1,VERIFIED,,0,1,0,0
Llama-3.1-8B-Instruct,"[configs/router2.cfg]
!RANCID-CONTENT-TYPE: cisco
!
hostname R2
!
logging console informational
logging trap informational
logging buffered informational
logging monitor informational
!
end
[/configs/router2.cfg]",1.0,1,1,VERIFIED,,1,0,0,0
Llama-3.1-8B-Instruct,"[configs/router4.cfg]
!RANCID-CONTENT-TYPE: cisco
!
hostname R4
!
interface Ethernet0/2
 cdp run
!
!
end
[/configs/router4.cfg]",1.0,1,1,VERIFIED,,1,0,0,0
Llama-3.1-8B-Instruct,"[configs/router3.cfg]
!RANCID-CONTENT-TYPE: cisco
!
hostname R3
!
hostname Edge-R3
!
end
[/configs/router3.cfg]",1.0,1,1,VERIFIED,,1,0,0,0
Llama-3.1-8B-Instruct,None,0.0,0,0,NO_VALID_CONFIG_BLOCKS,,0,0,0,0
Llama-3.1-8B-Instruct,"[configs/router1.cfg]
!RANCID-CONTENT-TYPE: cisco
!
hostname R1
!
router ospf 1
 network 10.0.1.0 0.0.0.255 area 0
 network 10.0.12.0 0.0.0.255 area 0
 network 10.0.14.0 0.0.0.255 area 0
 router-id 10.0.1.1
 password ospfkey
 timers hello 1 10
 timers dead 40
 neighbor 10.0.12.2
 password ospfkey
!
!
end
[/configs/router1.cfg]

[configs/router2.cfg]
!RANCID-CONTENT-TYPE: cisco
!
hostname R2
!
router ospf 1
 network 10.0.12.0 0.0.0.255 area 0
 network 10.0.23.0 0.0.0.255 area 0
 network 10.0
!
!
end
[/configs/router2.cfg]",0.5,2,2,VERIFIED,,0,2,0,0
Llama-3.1-8B-Instruct,"[configs/router1.cfg]
!RANCID-CONTENT-TYPE: cisco
!
hostname R1
!
interface Ethernet0/1
 ip ospf authentication
 ip ospf authentication-key ospfkey
!
!
end
[/configs/router1.cfg]

[configs/router2.cfg]
!RANCID-CONTENT-TYPE: cisco
!
hostname R2
!
interface Ethernet0/0
 ip ospf authentication
 ip ospf authentication-key ospfkey
!
!
end
[/configs/router2.cfg]",1.0,2,2,VERIFIED,,2,0,0,0
Llama-3.1-8B-Instruct,"[configs/router3.cfg]
!RANCID-CONTENT-TYPE: cisco
!
hostname R3
!
interface Ethernet0/1
 ip address 10.0.34.1 255.255.255.0
 no shutdown
 ip ospf hello-interval 5
 ip ospf dead-interval 20
 ip ospf network point-to-point
 ip ospf area 0
!
!
end
[/configs/router3.cfg]

[configs/router4.cfg]
!RANCID-CONTENT-TYPE: cisco
!
hostname R4
!
interface Ethernet0/2
 ip address 10.0.34.2 255.255.255.0
 no shutdown
 ip ospf hello-interval 5
 ip ospf dead-interval 20
 ip ospf network point-to-point
 ip ospf area 0
!
!
end
[/configs/router4.cfg]",0.5,2,2,VERIFIED,,0,2,0,0
Llama-3.1-8B-Instruct,"[configs/router1.cfg]
!RANCID-CONTENT-TYPE: cisco
!
hostname R1
!
interface loopback0
 ip address 10.0.0.1 255.255.255.255
!
router ospf 1
 router-id 10.0.0.1
 network 10.0.1.0 0.0.0.255 area 0
 network 10.0.12.0
!
!
end
[/configs/router1.cfg]

[configs/router2.cfg]
!RANCID-CONTENT-TYPE: cisco
!
hostname R2
!
interface loopback0
 ip address 10.0.0.2 255.255.255.255
!
!
end
[/configs/router2.cfg]

[configs/router3.cfg]
!RANCID-CONTENT-TYPE: cisco
!
hostname R3
!
interface loopback0
 ip address 10.0.0.3 255.255.255.255
!
!
end
[/configs/router3.cfg]

[configs/router4.cfg]
!RANCID-CONTENT-TYPE: cisco
!
hostname R4
!
interface loopback0
 ip address 10.0.0.4 255.255.255.255
!
!
end
[/configs/router4.cfg]",0.875,4,4,VERIFIED,,3,1,0,0
Llama-3.1-8B-Instruct,"[configs/router2.cfg]
!RANCID-CONTENT-TYPE: cisco
!
hostname R2
!
interface Ethernet0/2
 ip ospf cost 200
!
!
end
[/configs/router2.cfg]

[configs/router4.cfg]
!RANCID-CONTENT-TYPE: cisco
!
hostname R4
!
interface Ethernet0/1
 ip ospf cost 200
!
!
end
[/configs/router4.cfg]",1.0,2,2,VERIFIED,,2,0,0,0
Llama-3.1-8B-Instruct,"[configs/router1.cfg]
!RANCID-CONTENT-TYPE: cisco
!
hostname R1
!
interface Ethernet0/0
 ip ospf 1 area 0 passive
!
!
end
[/configs/router1.cfg]

[configs/router3.cfg]
!RANCID-CONTENT-TYPE: cisco
!
hostname R3
!
interface Ethernet0/2
 ip ospf 1 area 0 passive
!
!
end
[/configs/router3.cfg]",0.5,2,2,VERIFIED,,0,2,0,0
Llama-3.1-8B-Instruct,"[configs/router2.cfg]
!RANCID-CONTENT-TYPE: cisco
!
hostname R2
!
no router ospf 1
!
end
[/configs/router2.cfg]

[configs/router4.cfg]
!RANCID-CONTENT-TYPE: cisco
!
hostname R4
!
no router ospf 1
!
end
[/configs/router4.cfg]",0.5,2,2,VERIFIED,,0,2,0,0
Llama-3.1-8B-Instruct,"[configs/router1.cfg]
!RANCID-CONTENT-TYPE: cisco
!
hostname R1
!
interface Ethernet0/0
 ip address 10.0.1.1 255.255.255.0
 no shutdown
!
interface Ethernet0/1
 ip address 10.0.12.1 255.255.255.0
 no shutdown
!
interface Ethernet0/2
 ip address 10.0.14.1 255.255.255.0
 no shutdown
!
ip route 10.0.2.0 255.255.255.0 10.0.12.2
ip route 10.0.34.0 255.255.255.0 10.0.12.2
!
end
[/configs/router1.cfg]

[configs/router2.cfg]
!RANCID-CONTENT-TYPE: cisco
!
hostname R2
!
interface Ethernet0/0
!
!
end
[/configs/router2.cfg]",1.0,2,2,VERIFIED,,2,0,0,0
Llama-3.1-8B-Instruct,"[configs/router2.cfg]
!RANCID-CONTENT-TYPE: cisco
!
hostname R2
!
interface Ethernet0/0
 ip address 10.0.12.2 255.255.255.0
 no shutdown
!
ip route 0.0.0.0 0.0.0.0 10.0.12.1
!
end
[/configs/router2.cfg]

[configs/router4.cfg]
!RANCID-CONTENT-TYPE: cisco
!
hostname R4
!
interface Ethernet0/0
 ip address 10.0.14.2 255.255.255.0
 no shutdown
!
ip route 0.0.0.0 0.0.0.0 10.0.14.1
!
end
[/configs/router4.cfg]",1.0,2,2,VERIFIED,,2,0,0,0
Llama-3.1-8B-Instruct,"[configs/router2.cfg]
!RANCID-CONTENT-TYPE: cisco
!
hostname R2
!
interface Ethernet0/2
 ip address 10.0.24.2 255.255.255.0
 no shutdown
!
ip route 10.0.14.0 255.255.255.0 10.0.24.2
!
end
[/configs/router2.cfg]

[configs/router3.cfg]
!RANCID-CONTENT-TYPE: cisco
!
hostname R3
!
interface Ethernet0/1
 ip address 10.0.34.1 255.255.255.0
 no shutdown
!
ip route 10.0.14.0 255.255.255.0 10.0.34.2
!
end
[/configs/router3.cfg]",1.0,2,2,VERIFIED,,2,0,0,0
Llama-3.1-8B-Instruct,"[configs/router1.cfg]
!RANCID-CONTENT-TYPE: cisco
!
hostname R1
!
ip route 10.0.23.0 255.255.255.0 10.0.12.2 Ethernet0/1
!
end
[/configs/router1.cfg]

[configs/router4.cfg]
!RANCID-CONTENT-TYPE: cisco
!
hostname R4
!
ip route 10.0.23.0 255.255.255.0 10.0.24.1 Ethernet0/1
!
end
[/configs/router4.cfg]",1.0,2,2,VERIFIED,,2,0,0,0
Llama-3.1-8B-Instruct,"[configs/router3.cfg]
!RANCID-CONTENT-TYPE: cisco
!
hostname R3
!
no ip route 10.0.1.0 255.255.255.0 10.0.23.1
!
end
[/configs/router3.cfg]

[configs/router4.cfg]
!RANCID-CONTENT-TYPE: cisco
!
hostname R4
!
no ip route 10.0.1.0 255.255.255.0 10.0.14.1
!
end
[/configs/router4.cfg]",0.5,2,2,VERIFIED,,0,2,0,0
Llama-3.1-8B-Instruct,"[configs/router1.cfg]
!RANCID-CONTENT-TYPE: cisco
!
hostname R1
!
ip route 10.0.34.0 255.255.255.0 10.0.14.2
!
end
[/configs/router1.cfg]

[configs/router2.cfg]
!RANCID-CONTENT-TYPE: cisco
!
hostname R2
!
ip route 10.0.34.0 255.255.255.0 10.0.24.2
!
end
[/configs/router2.cfg]",1.0,2,2,VERIFIED,,2,0,0,0
Llama-3.1-8B-Instruct,"[configs/router1.cfg]
!RANCID-CONTENT-TYPE: cisco
!
hostname R1
!
interface Ethernet0/0
 ip address 10.0.1.1 255.255.255.0
 no shutdown
 ip nat inside
!
interface Ethernet0/1
 ip address 10.0.12.1 255.255.255.0
 no shutdown
 ip nat outside
!
ip nat pool NAT_POOL 10.0.12.100 10.0.12.200 netmask 255.255.255.0
ip nat inside source list 1 interface Ethernet0/1 overload
ip access-list extended NAT_ACL
 permit ip 10.0.1.0 0.0.0.255 any
!
ip route 10.0.1.0
!
end
[/configs/router1.cfg]",0.5,1,1,VERIFIED,,0,1,0,0
Llama-3.1-8B-Instruct,"[configs/router3.cfg]
!RANCID-CONTENT-TYPE: cisco
!
hostname R3
!
interface Ethernet0/0
 ip nat outside
!
interface Ethernet0/2
 ip nat inside
!
ip nat pool NAT_POOL 10.0.34.100 10.0.34.200 netmask 255.255.255.0
ip nat inside source list 1 interface Ethernet0/0 overload
ip nat inside source static 10.0.2.0 10.0.34.100
access-list 1 permit 10.0.2.0 0.0.0.255
ip nat log
ip nat log-adjachg
!
end
[/configs/router3.cfg]",0.5,1,1,VERIFIED,,0,1,0,0
Llama-3.1-8B-Instruct,"[configs/router2.cfg]
!RANCID-CONTENT-TYPE: cisco
!
hostname R2
!
interface Ethernet0/0
 ip access-group DENY_TELNET in
!
ip access-list extended DENY_TELNET
 deny tcp 10.0.12.0 0.0.0.255 any eq 23
 deny tcp 10.0.12.0 0.0.0.255 10.0.23.0 0.0.0.255 eq 23
 permit ip any any
!
!
end
[/configs/router2.cfg]",1.0,1,1,VERIFIED,,1,0,0,0
Llama-3.1-8B-Instruct,"[configs/router1.cfg]
!RANCID-CONTENT-TYPE: cisco
!
hostname R1
!
interface Ethernet0/1
 ip access-group SSH_ACCESS in
!
ip access-list extended SSH_ACCESS
 permit tcp 10.0.12.0 0.0.0.255 any eq 22
 permit ip any any
!
!
end
[/configs/router1.cfg]

[configs/router3.cfg]
!RANCID-CONTENT-TYPE: cisco
!
hostname R3
!
interface Ethernet0/0
 ip access-group SSH_ACCESS in
!
ip access-list extended SSH_ACCESS
 permit tcp 10.0.12.0 0.0.0.255 any eq 22
 permit ip any any
!
!
end
[/configs/router3.cfg]",1.0,2,2,VERIFIED,,2,0,0,0
Llama-3.1-8B-Instruct,"[configs/router1.cfg]
!RANCID-CONTENT-TYPE: cisco
!
hostname R1
!
interface Ethernet0/0
 ip nat inside
!
ip nat inside source static 10.0.1.10 10.0.12.100
interface Ethernet0/1
 ip nat outside
!
ip nat inside source list 1 interface Ethernet0/1
ip access-list extended NAT_LIST
 permit ip 10.0.1.10 0.0.0.255 any
!
ip route 0.0.0.0 0.0.0.0 10.0.12.2
!
end
[/configs/router1.cfg]

[configs/router3.cfg]
!RANCID-CONTENT-TYPE: cisco
!
hostname R3
!
interface Ethernet0/0
 ip nat inside
!
ip nat inside source static 10.0.2.10 10.0.23.100
interface Ethernet0/1
!
!
end
[/configs/router3.cfg]",1.0,2,2,VERIFIED,,2,0,0,0
Llama-3.1-8B-Instruct,"[configs/router4.cfg]
!RANCID-CONTENT-TYPE: cisco
!
hostname R4
!
ip access-list extended ALLOW_HTTPS
 permit tcp 10.0.14.0 0.0.0.255 any eq 80
 permit tcp 10.0.14.0 0.0.0.255 any eq 443
 permit ip any any
!
interface Ethernet0/0
 ip access-group ALLOW_HTTPS out
!
!
end
[/configs/router4.cfg]",1.0,1,1,VERIFIED,,1,0,0,0
Llama-3.1-8B-Instruct,"[configs/router3.cfg]
!RANCID-CONTENT-TYPE: cisco
!
hostname R3
!
ip access-list standard PERMIT_LAN2
 permit 10.0.2.0 0.0.0.255
!
interface Ethernet0/2
 ip access-group PERMIT_LAN2 in
 no ip access-group out
 switchport mode trunk
 switchport trunk allowed vlan add 30
!
!
end
[/configs/router3.cfg]",0.5,1,1,VERIFIED,,0,1,0,0
Llama-3.1-8B-Instruct,"[configs/router1.cfg]
!RANCID-CONTENT-TYPE: cisco
!
hostname R1
!
ip domain-name corp.net
ip ssh version 2
ip ssh server algorithm group none
ip ssh server key-type rsa
ip ssh server key 0
ip ssh server key 0 modulus 2048
ip ssh server key 0 usage client-auth
ip ssh server key 0 algorithm rsa
ip ssh server key 0 key-string
line vty 0 4
 transport input ssh
 transport output ssh
 login local
!
!
end
[/configs/router1.cfg]

[configs/router3.cfg]
!RANCID-CONTENT-TYPE: cisco
!
hostname R3
!
ip domain-name corp.net
ip ssh version 2
crypto key generate
!
end
[/configs/router3.cfg]",1.0,2,2,VERIFIED,,2,0,0,0
Llama-3.1-8B-Instruct,"[configs/router2.cfg]
!RANCID-CONTENT-TYPE: cisco
!
hostname R2
!
line vty 0 4
 transport input ssh
 login local
!
!
end
[/configs/router2.cfg]

[configs/router4.cfg]
!RANCID-CONTENT-TYPE: cisco
!
hostname R4
!
line vty 0 4
 transport input ssh
 login local
!
!
end
[/configs/router4.cfg]",1.0,2,2,VERIFIED,,2,0,0,0
Llama-3.1-8B-Instruct,"[configs/router1.cfg]
!RANCID-CONTENT-TYPE: cisco
!
hostname R1
!
no cdp run
!
end
[/configs/router1.cfg]

[configs/router2.cfg]
!RANCID-CONTENT-TYPE: cisco
!
hostname R2
!
no cdp run
!
end
[/configs/router2.cfg]",1.0,2,2,VERIFIED,,2,0,0,0
Llama-3.1-8B-Instruct,"[configs/router3.cfg]
!RANCID-CONTENT-TYPE: cisco
!
hostname R3
!
snmp-server community readonly RO
snmp-server host 10.0.23.1 version 2c readonly
!
end
[/configs/router3.cfg]

[configs/router4.cfg]
!RANCID-CONTENT-TYPE: cisco
!
hostname R4
!
snmp-server community readonly RO
snmp-server host 10.0.14.1 version 2c readonly
!
end
[/configs/router4.cfg]",1.0,2,2,VERIFIED,,2,0,0,0
Llama-3.1-8B-Instruct,"[configs/router1.cfg]
!RANCID-CONTENT-TYPE: cisco
!
hostname R1
!
enable secret pass1
enable password pass1
enable secret pass1
line vty 0 4
 password pass1
 login
!
!
end
[/configs/router1.cfg]

[configs/router2.cfg]
!RANCID-CONTENT-TYPE: cisco
!
hostname R2
!
enable secret pass2
enable password pass2
enable secret pass2
line vty 0 4
 password pass2
 login
!
!
end
[/configs/router2.cfg]

[configs/router3.cfg]
!RANCID-CONTENT-TYPE: cisco
!
hostname R3
!
enable secret pass3
enable password pass3
enable secret pass3
line vty 0 4
 password pass3
 login
!
!
end
[/configs/router3.cfg]

[configs/router4.cfg]
!RANCID-CONTENT-TYPE: cisco
!
hostname R4
!
enable secret pass4
!
end
[/configs/router4.cfg]",0.5,4,4,VERIFIED,,0,4,0,0
Llama-3.1-8B-Instruct,"[configs/router2.cfg]
!RANCID-CONTENT-TYPE: cisco
!
hostname R2
!
logging 10.0.12.1
logging trap informational
logging facility local7
!
end
[/configs/router2.cfg]

[configs/router3.cfg]
!RANCID-CONTENT-TYPE: cisco
!
hostname R3
!
logging 10.0.12.1
logging trap informational
logging facility local7
!
end
[/configs/router3.cfg]

[configs/router4.cfg]
!RANCID-CONTENT-TYPE: cisco
!
hostname R4
!
logging 10.0.12.1
logging trap informational
logging facility local7
!
end
[/configs/router4.cfg]",1.0,3,3,VERIFIED,,3,0,0,0
Llama-3.1-8B-Instruct,"[configs/router2.cfg]
!RANCID-CONTENT-TYPE: cisco
!
hostname R2
!
ntp server 10.0.1.1
service timestamps log datetime msec
service timestamps debug datetime msec
service timestamps console datetime msec
!
end
[/configs/router2.cfg]

[configs/router3.cfg]
!RANCID-CONTENT-TYPE: cisco
!
hostname R3
!
ntp server 10.0.1.1
service timestamps log datetime msec
service timestamps debug datetime msec
service timestamps console datetime msec
!
end
[/configs/router3.cfg]

[configs/router4.cfg]
!RANCID-CONTENT-TYPE: cisco
!
hostname R4
!
ntp server 10.0.1.1
service timestamps log datetime msec
service timestamps debug datetime msec
service timestamps console datetime msec
!
end
[/configs/router4.cfg]

[configs/router1.cfg]
!RANCID-CONTENT-TYPE: cisco
!
hostname R1
!
ntp server 10.0.1.1
service timestamps log datetime msec
service timestamps debug datetime msec
service timestamps console datetime msec
ntp authenticate
ntp authentication-key 1 md5 ospfkey
ntp
!
end
[/configs/router1.cfg]",1.0,4,4,VERIFIED,,4,0,0,0
Llama-3.1-8B-Instruct,"[configs/router1.cfg]
!RANCID-CONTENT-TYPE: cisco
!
hostname R1
!
interface Ethernet0/0
 no ip proxy-arp
!
interface Ethernet0/1
 no ip proxy-arp
!
interface Ethernet0/2
 no ip proxy-arp
!
!
end
[/configs/router1.cfg]

[configs/router3.cfg]
!RANCID-CONTENT-TYPE: cisco
!
hostname R3
!
interface Ethernet0/0
 no ip proxy-arp
!
interface Ethernet0/1
 no ip proxy-arp
!
interface Ethernet0/2
 no ip proxy-arp
!
!
end
[/configs/router3.cfg]",1.0,2,2,VERIFIED,,2,0,0,0
Llama-3.1-8B-Instruct,"[configs/router2.cfg]
!RANCID-CONTENT-TYPE: cisco
!
hostname R2
!
interface Ethernet0/1
 mtu 1400
!
!
end
[/configs/router2.cfg]

[configs/router3.cfg]
!RANCID-CONTENT-TYPE: cisco
!
hostname R3
!
interface Ethernet0/0
 mtu 1400
!
!
end
[/configs/router3.cfg]",1.0,2,2,VERIFIED,,2,0,0,0
Llama-3.1-8B-Instruct,"[configs/router1.cfg]
!RANCID-CONTENT-TYPE: cisco
!
hostname R1
!
interface Ethernet0/2
 bandwidth 2000
!
!
end
[/configs/router1.cfg]

[configs/router4.cfg]
!RANCID-CONTENT-TYPE: cisco
!
hostname R4
!
interface Ethernet0/0
 bandwidth 2000
!
!
end
[/configs/router4.cfg]",1.0,2,2,VERIFIED,,2,0,0,0
Llama-3.1-8B-Instruct,"[configs/router3.cfg]
!RANCID-CONTENT-TYPE: cisco
!
hostname R3
!
interface Ethernet0/1
 description Link_to_R4
!
!
end
[/configs/router3.cfg]

[configs/router4.cfg]
!RANCID-CONTENT-TYPE: cisco
!
hostname R4
!
interface Ethernet0/2
 description Link_to_R3
!
!
end
[/configs/router4.cfg]",1.0,2,2,VERIFIED,,2,0,0,0
Llama-3.1-8B-Instruct,"[configs/router2.cfg]
!RANCID-CONTENT-TYPE: cisco
!
hostname R2
!
interface Ethernet0/2
 shutdown
!
!
end
[/configs/router2.cfg]

[configs/router4.cfg]
!RANCID-CONTENT-TYPE: cisco
!
hostname R4
!
interface Ethernet0/1
 shutdown
!
!
end
[/configs/router4.cfg]",1.0,2,2,VERIFIED,,2,0,0,0
Llama-3.1-8B-Instruct,"[configs/router1.cfg]
!RANCID-CONTENT-TYPE: cisco
!
hostname R1
!
interface loopback0
 ip address 11.11.11.11 255.255.255.255
 no shutdown
!
!
end
[/configs/router1.cfg]

[configs/router2.cfg]
!RANCID-CONTENT-TYPE: cisco
!
hostname R2
!
interface loopback0
 ip address 22.22.22.22 255.255.255.255
 no shutdown
!
!
end
[/configs/router2.cfg]",1.0,2,2,VERIFIED,,2,0,0,0
Llama-3.1-8B-Instruct,"[configs/switch1.cfg]
!RANCID-CONTENT-TYPE: cisco
!
hostname SW1
!
spanning-tree mode rapid-pvst
spanning-tree vlan 10 root primary
spanning-tree vlan 10 cost 0
interface fa0/1
 switchport mode access
 switchport access vlan 10
 spanning-tree port-type network
!
!
end
[/configs/switch1.cfg]

[configs/switch2.cfg]
!RANCID-CONTENT-TYPE: cisco
!
hostname SW2
!
spanning-tree mode rapid-pvst
spanning-tree vlan 30 root primary
spanning-tree vlan 30 cost 0
interface fa0/1
 switchport mode access
 switchport access vlan 30
 spanning-tree port-type network
!
!
end
[/configs/switch2.cfg]",0.5,2,2,VERIFIED,,0,2,0,0
Llama-3.1-8B-Instruct,"[configs/switch1.cfg]
!RANCID-CONTENT-TYPE: cisco
!
hostname SW1
!
interface FastEthernet0/24
 switchport mode trunk
 switchport trunk allowed vlan 10,20
 switchport trunk native vlan 10
!
!
end
[/configs/switch1.cfg]

[configs/switch2.cfg]
!RANCID-CONTENT-TYPE: cisco
!
hostname SW2
!
interface FastEthernet0/24
 switchport mode trunk
 switchport trunk allowed vlan 30,40
 switchport trunk native vlan 30
!
!
end
[/configs/switch2.cfg]",1.0,2,2,VERIFIED,,2,0,0,0
Llama-3.1-8B-Instruct,"[configs/switch1.cfg]
!RANCID-CONTENT-TYPE: cisco
!
hostname SW1
!
vlan 10
!
interface vlan 10
 ip address 10.0.1.2 255.255.255.0
 ip default-gateway 10.0.1.1
!
interface fastethernet0/1
 switchport mode access
 switchport access vlan 10
!
!
end
[/configs/switch1.cfg]

[configs/switch2.cfg]
!RANCID-CONTENT-TYPE: cisco
!
hostname SW2
!
vlan 30
!
interface vlan 30
 ip address 10.0.2.2 255.255.255.0
 ip default-gateway 10.0.2.1
!
interface fastethernet0/1
 switchport mode access
 switchport access vlan 30
!
!
end
[/configs/switch2.cfg]",1.0,2,2,VERIFIED,,2,0,0,0
Llama-3.1-8B-Instruct,"[configs/switch1.cfg]
!RANCID-CONTENT-TYPE: cisco
!
hostname SW1
!
interface FastEthernet0/1
 switchport mode access
 switchport access vlan 10
 switchport port-security
 switchport port-security maximum 1
 switchport port-security violation shutdown
 switchport port-security mac-address 00:11:11:11:11:11
!
!
end
[/configs/switch1.cfg]

[configs/switch2.cfg]
!RANCID-CONTENT-TYPE: cisco
!
hostname SW2
!
interface FastEthernet0/1
 switchport mode access
 switchport access vlan 30
 switchport port-security
 switchport port-security maximum 1
 switchport port-security violation shutdown
 switchport port-security mac-address 00:22:22:22:22:22
!
!
end
[/configs/switch2.cfg]",1.0,2,2,VERIFIED,,2,0,0,0
Llama-3.1-8B-Instruct,"[configs/router1.cfg]
!RANCID-CONTENT-TYPE: cisco
!
hostname R1
!
ip dhcp pool DHCP_10_0_1
 network 10.0.1.0 0.0.0.255
 exclude 10.0.1.1 10.0.1.9
 default-router 10.0.1.1
!
ip dhcp server
ip dhcp excluded-address 10.0.1.1 10.0.1.9
!
end
[/configs/router1.cfg]

[configs/router3.cfg]
!RANCID-CONTENT-TYPE: cisco
!
hostname R3
!
ip dhcp pool DHCP_10_0_2
 network 10.0.2.0 0.0.0.255
 exclude 10.0.2.1 10.0.2.9
 default-router 10.0.2.1
!
ip dhcp server
ip dhcp excluded-address
!
end
[/configs/router3.cfg]",0.5,2,2,VERIFIED,,0,2,0,0
Llama-3.1-8B-Instruct,"[configs/switch1.cfg]
!RANCID-CONTENT-TYPE: cisco
!
hostname SW1
!
interface FastEthernet0/1
 switchport mode access
 switchport access vlan 10
 spanning-tree portfast
!
!
end
[/configs/switch1.cfg]

[configs/switch2.cfg]
!RANCID-CONTENT-TYPE: cisco
!
hostname SW2
!
interface FastEthernet0/1
 switchport mode access
 switchport access vlan 30
 spanning-tree portfast
!
!
end
[/configs/switch2.cfg]",1.0,2,2,VERIFIED,,2,0,0,0
Llama-3.1-8B-Instruct,"[configs/switch1.cfg]
!RANCID-CONTENT-TYPE: cisco
!
hostname SW1
!
vlan database
 vlan 20
!
interface fa0/24
 switchport mode trunk
 switchport trunk allowed vlan 10,20,30,40
 switchport access vlan 10
!
interface fa0/1
 switchport mode access
 switchport access vlan 10
!
!
end
[/configs/switch1.cfg]

[configs/switch2.cfg]
!RANCID-CONTENT-TYPE: cisco
!
hostname SW2
!
vlan database
 vlan 40
!
interface fa0/24
 switchport mode trunk
 switchport trunk allowed vlan 10,20,30,40
 switchport access vlan 30
!
interface fa0/1
 switchport mode access
 switchport access vlan 30
!
!
end
[/configs/switch2.cfg]",0.5,2,2,VERIFIED,,0,2,0,0
Llama-3.1-8B-Instruct,"[configs/router1.cfg]
!RANCID-CONTENT-TYPE: cisco
!
hostname R1
!
interface Ethernet0/1
 ip address 10.0.12.1 255.255.255.0
 no shutdown
!
!
end
[/configs/router1.cfg]

[configs/router2.cfg]
!RANCID-CONTENT-TYPE: cisco
!
hostname R2
!
interface Ethernet0/0
 ip address 10.0.12.2 255.255.255.0
 no shutdown
!
!
end
[/configs/router2.cfg]",1.0,2,2,VERIFIED,,2,0,0,0
Llama-3.1-8B-Instruct,"[configs/router2.cfg]
!RANCID-CONTENT-TYPE: cisco
!
hostname R2
!
interface Ethernet0/1
 ip address 10.0.23.2 255.255.255.0
 no shutdown
!
!
end
[/configs/router2.cfg]

[configs/router3.cfg]
!RANCID-CONTENT-TYPE: cisco
!
hostname R3
!
interface Ethernet0/0
 ip address 10.0.23.1 255.255.255.0
 no shutdown
!
!
end
[/configs/router3.cfg]",1.0,2,2,VERIFIED,,2,0,0,0
Llama-3.1-8B-Instruct,"[configs/router1.cfg]
!RANCID-CONTENT-TYPE: cisco
!
hostname R1
!
interface Ethernet0/1
 ip address 10.0.12.1 255.255.255.0
 no shutdown
!
interface Ethernet0/2
 ip address 10.0.14.1 255.255.255.0
 no shutdown
!
!
end
[/configs/router1.cfg]

[configs/router2.cfg]
!RANCID-CONTENT-TYPE: cisco
!
hostname R2
!
interface Ethernet0/0
 ip address 10.0.12.2 255.255.255.0
 no shutdown
!
interface Ethernet0/2
 ip address 10.0.24.1 255.255.255.0
 no shutdown
!
!
end
[/configs/router2.cfg]

[configs/router3.cfg]
!RANCID-CONTENT-TYPE: cisco
!
hostname R3
!
interface Ethernet0/1
 ip address 10.0.23.2 255.255.
!
!
end
[/configs/router3.cfg]",0.8333333333333334,3,3,VERIFIED,,2,1,0,0
Llama-3.1-8B-Instruct,"[configs/router1.cfg]
!RANCID-CONTENT-TYPE: cisco
!
hostname R1
!
hostname Router-R1
enable secret sec1
username Router-R1 secret sec1
interface Ethernet0/0
 ip address 10.0.1.1 255.255.255.0
 description Link to SW1
 ip access-group 100 in
 no shutdown
 interface Ethernet0/1
 ip address 10.0.12.1 255.255.255.0
 description Link to R2
 ip ospf authentication
 ip ospf authentication-key ospfkey
 no shutdown
 interface Ethernet0/2
 ip address 10.0.14.1 255.255.255.0
 description Link to R4
 no shutdown
 ip ospf 1 area 0.0.0.0
!
!
end
[/configs/router1.cfg]",0.5,1,1,VERIFIED,,0,1,0,0
Llama-3.1-8B-Instruct,"[configs/router1.cfg]
!RANCID-CONTENT-TYPE: cisco
!
hostname R1
!
ntp server 10.0.1.1
ntp timezone UTC
service ntp
!
end
[/configs/router1.cfg]

[configs/router2.cfg]
!RANCID-CONTENT-TYPE: cisco
!
hostname R2
!
ntp server 10.0.1.1
ntp timezone UTC
service ntp
!
end
[/configs/router2.cfg]

[configs/router3.cfg]
!RANCID-CONTENT-TYPE: cisco
!
hostname R3
!
ntp server 10.0.1.1
ntp timezone UTC
service ntp
!
end
[/configs/router3.cfg]

[configs/router4.cfg]
!RANCID-CONTENT-TYPE: cisco
!
hostname R4
!
ntp server 10.0.1.1
ntp timezone UTC
service ntp
!
end
[/configs/router4.cfg]",0.5,4,4,VERIFIED,,0,4,0,0
Llama-3.1-8B-Instruct,"[configs/router1.cfg]
!RANCID-CONTENT-TYPE: cisco
!
hostname R1
!
ip arp 10.0.1.10 0050.7966.6800
!
end
[/configs/router1.cfg]

[configs/router3.cfg]
!RANCID-CONTENT-TYPE: cisco
!
hostname R3
!
ip arp 10.0.2.10 0050.7966.6801
!
end
[/configs/router3.cfg]",1.0,2,2,VERIFIED,,2,0,0,0
Llama-3.1-8B-Instruct,"[configs/router2.cfg]
!RANCID-CONTENT-TYPE: cisco
!
hostname R2
!
no ip dhcp server
!
end
[/configs/router2.cfg]

[configs/router4.cfg]
!RANCID-CONTENT-TYPE: cisco
!
hostname R4
!
no ip dhcp server
!
end
[/configs/router4.cfg]",0.5,2,2,VERIFIED,,0,2,0,0
Llama-3.1-8B-Instruct,"[configs/router1.cfg]
!RANCID-CONTENT-TYPE: cisco
!
hostname R1
!
show running-config
show startup-config
enable
show interfaces
show ip int brief
show ip route
show ip ospf database
show ip ospf neighbor
show ip ospf interface
show vlan
show vlan brief
show int trunk
show int trunk port-channel
show int access
show int access-dropped
show log
show ip access-lists
show ip protocols
show ip route
show ip ospf database
show ip ospf neighbor
show ip ospf interface
show vlan
show vlan brief
show int trunk
show int trunk port-channel
show int access
show int access-dropped
show log
!
end
[/configs/router1.cfg]

[configs/router2.cfg]
!RANCID-CONTENT-TYPE: cisco
!
hostname R2
!
copy running
!
end
[/configs/router2.cfg]",0.75,2,2,VERIFIED,,1,1,0,0
Llama-3.1-8B-Instruct,"[configs/router1.cfg]
!RANCID-CONTENT-TYPE: cisco
!
hostname R1
!
interface Ethernet0/1
 ip ospf authentication
 ip ospf authentication-key 1 md5 md5pass
!
!
end
[/configs/router1.cfg]

[configs/router2.cfg]
!RANCID-CONTENT-TYPE: cisco
!
hostname R2
!
interface Ethernet0/0
 ip ospf authentication
 ip ospf authentication-key 1 md5 md5pass
!
!
end
[/configs/router2.cfg]",1.0,2,2,VERIFIED,,2,0,0,0
Llama-3.1-8B-Instruct,"[configs/switch1.cfg]
!RANCID-CONTENT-TYPE: cisco
!
hostname SW1
!
interface FastEthernet0/1
 storm-control broadcast level 15
!
!
end
[/configs/switch1.cfg]

[configs/switch2.cfg]
!RANCID-CONTENT-TYPE: cisco
!
hostname SW2
!
interface FastEthernet0/1
 storm-control broadcast level 15
!
!
end
[/configs/switch2.cfg]",1.0,2,2,VERIFIED,,2,0,0,0
Llama-3.1-8B-Instruct,"[configs/router1.cfg]
!RANCID-CONTENT-TYPE: cisco
!
hostname R1
!
interface Ethernet0/0
 ip arp timeout 120
!
!
end
[/configs/router1.cfg]",1.0,1,1,VERIFIED,,1,0,0,0
Llama-3.1-8B-Instruct,"[configs/router2.cfg]
!RANCID-CONTENT-TYPE: cisco
!
hostname R2
!
router ospf 1
 router-id 10.0.12.2
 network 10.0.12.0 0.0.0.255 area 0
 network 10.0.23.0 0.0.0.255 area 0
 network 10.0.24.0 0.0.0.255 area 0
 passive-interface Ethernet0/1
 passive-interface Ethernet0/2
 ip ospf authentication
 ip ospf authentication-key ospfkey
 neighbor 10.0.12.1
!
!
end
[/configs/router2.cfg]",0.5,1,1,VERIFIED,,0,1,0,0
Llama-3.1-8B-Instruct,"[configs/router4.cfg]
!RANCID-CONTENT-TYPE: cisco
!
hostname R4
!
interface Ethernet0/0
 ip address 10.0.14.2 255.255.255.0
 no shutdown
 arp 10.0.14.1 0050.7966.6802
!
!
end
[/configs/router4.cfg]",1.0,1,1,VERIFIED,,1,0,0,0
Llama-3.1-8B-Instruct,None,0.0,0,0,NO_VALID_CONFIG_BLOCKS,,0,0,0,0
Llama-3.1-8B-Instruct,"[configs/router3.cfg]
!RANCID-CONTENT-TYPE: cisco
!
hostname R3
!
interface Ethernet0/1
 ip address 10.0.34.2 255.255.255.0
 no shutdown
!
!
end
[/configs/router3.cfg]

[configs/router4.cfg]
!RANCID-CONTENT-TYPE: cisco
!
hostname R4
!
interface Ethernet0/1
 ip address 10.0.34.1 255.255.255.0
 no shutdown
!
!
end
[/configs/router4.cfg]",1.0,2,2,VERIFIED,,2,0,0,0
Zephyr-7B,"[configs/router1.cfg]
!RANCID-CONTENT-TYPE: cisco
!
hostname R1
!
interface Ethernet0/2
 ip address 10.0.14.10 255.255.255.0
 no shutdown
!
!
end
[/configs/router1.cfg]",1.0,1,1,VERIFIED,,1,0,0,0
Zephyr-7B,None,0.0,0,0,NO_VALID_CONFIG_BLOCKS,,0,0,0,0
Zephyr-7B,"[configs/router3.cfg]
!RANCID-CONTENT-TYPE: cisco
!
hostname R3
!
interface Loopback1
 ip address 33.33.33.33 255.255.255.254
 no shutdown
!
!
end
[/configs/router3.cfg]",1.0,1,1,VERIFIED,,1,0,0,0
Zephyr-7B,"[configs/router1.cfg]
!RANCID-CONTENT-TYPE: cisco
!
hostname R1
!
interface Ethernet0/2
 no shutdown
!
!
end
[/configs/router1.cfg]",1.0,1,1,VERIFIED,,1,0,0,0
Zephyr-7B,"[configs/router2.cfg]
!RANCID-CONTENT-TYPE: cisco
!
hostname R2
!
interface Ethernet0/2
 shutdown
!
!
end
[/configs/router2.cfg]",1.0,1,1,VERIFIED,,1,0,0,0
Zephyr-7B,None,0.0,0,0,NO_VALID_CONFIG_BLOCKS,,0,0,0,0
Zephyr-7B,None,0.0,0,0,NO_VALID_CONFIG_BLOCKS,,0,0,0,0
Zephyr-7B,None,0.0,0,0,NO_VALID_CONFIG_BLOCKS,,0,0,0,0
Zephyr-7B,None,0.0,0,0,NO_VALID_CONFIG_BLOCKS,,0,0,0,0
Zephyr-7B,"[configs/router4.cfg]
!RANCID-CONTENT-TYPE: cisco
!
hostname R4
!
interface Loopback0
 ip address 44.44.44.44 255.255.255.254
 no shutdown
!
show running-config
show ip interface brief
!
end
[/configs/router4.cfg]",0.5,1,1,VERIFIED,,0,1,0,0
Zephyr-7B,"[configs/router3.cfg]
!RANCID-CONTENT-TYPE: cisco
!
hostname R3
!
ip route 10.0.1.0 255.255.255.0 10.0.23.2
!
end
[/configs/router3.cfg]",1.0,1,1,VERIFIED,,1,0,0,0
Zephyr-7B,"[configs/router4.cfg]
!RANCID-CONTENT-TYPE: cisco
!
hostname R4
!
ip route 0.0.0.0 0.0.0.0 10.0.14.1
!
end
[/configs/router4.cfg]",1.0,1,1,VERIFIED,,1,0,0,0
Zephyr-7B,None,0.0,0,0,NO_VALID_CONFIG_BLOCKS,,0,0,0,0
Zephyr-7B,"[configs/router2.cfg]
!RANCID-CONTENT-TYPE: cisco
!
hostname R2
!
router ospf 2
 network 10.0.12.0 0.0.0.255 area 0
 network 10.0.23.0 0.0.0.255 area 0
 network 10.0.24.0 0.0.0.255 area 0
!
!
end
[/configs/router2.cfg]",1.0,1,1,VERIFIED,,1,0,0,0
Zephyr-7B,"[configs/router3.cfg]
!RANCID-CONTENT-TYPE: cisco
!
hostname R3
!
router ospf 1
 router-id 3.3.3.3
!
!
end
[/configs/router3.cfg]",1.0,1,1,VERIFIED,,1,0,0,0
Zephyr-7B,"[configs/router2.cfg]
!RANCID-CONTENT-TYPE: cisco
!
hostname R2
!
interface Ethernet0/2
 ip ospf cost 50
!
!
end
[/configs/router2.cfg]",1.0,1,1,VERIFIED,,1,0,0,0
Zephyr-7B,None,0.0,0,0,NO_VALID_CONFIG_BLOCKS,,0,0,0,0
Zephyr-7B,"[configs/router4.cfg]
!RANCID-CONTENT-TYPE: cisco
!
hostname R4
!
no ip route 0.0.0.0 0.0.0.0 10.0.14.1
!
end
[/configs/router4.cfg]",0.5,1,1,VERIFIED,,0,1,0,0
Zephyr-7B,None,0.0,0,0,NO_VALID_CONFIG_BLOCKS,,0,0,0,0
Zephyr-7B,"[configs/router1.cfg]
!RANCID-CONTENT-TYPE: cisco
!
hostname R1
!
interface Ethernet0/2
 ospf authentication message-digest
 ospf authentication message-digest key netpass
!
!
end
[/configs/router1.cfg]

[configs/router4.cfg]
!RANCID-CONTENT-TYPE: cisco
!
hostname R4
!
interface Ethernet0/1
 ospf authentication message-digest
 ospf authentication message-digest key netpass
!
!
end
[/configs/router4.cfg]",0.5,2,2,VERIFIED,,0,2,0,0
Zephyr-7B,"[configs/router1.cfg]
!RANCID-CONTENT-TYPE: cisco
!
hostname R1
!
access-list 100 extended deny tcp any interface any eq telnet 10.0.1.0 0.0.1.255
!
end
[/configs/router1.cfg]",1.0,1,1,VERIFIED,,1,0,0,0
Zephyr-7B,"[configs/router1.cfg]
!RANCID-CONTENT-TYPE: cisco
!
hostname R1
!
access-list 101 extended DENY_TELNET
interface Ethernet0/0
 ip address 10.0.1.1 255.255.255.0
 no shutdown
 ip access-group 101 in
!
!
end
[/configs/router1.cfg]",1.0,1,1,VERIFIED,,1,0,0,0
Zephyr-7B,"[configs/router3.cfg]
!RANCID-CONTENT-TYPE: cisco
!
hostname R3
!
access-list 10 permit ip 10.0.2.0 0.0.0.255
!
end
[/configs/router3.cfg]",0.5,1,1,VERIFIED,,0,1,0,0
Zephyr-7B,"[configs/router4.cfg]
!RANCID-CONTENT-TYPE: cisco
!
hostname R4
!
ip access-list extended DENY_ICMP
 deny icmp any 10.0.14.0 0.0.0.255
 permit ip any any
!
!
end
[/configs/router4.cfg]",1.0,1,1,VERIFIED,,1,0,0,0
Zephyr-7B,"[configs/router3.cfg]
!RANCID-CONTENT-TYPE: cisco
!
hostname R3
!
ip domain-name lab.local
ip ssh version 2
ip ssh cipher aes
ip ssh authentication-retries 3
username labadmin privilege 15 secret labadmin
ip ssh time-out 60
ip ssh max-failed-attempts 4
!
end
[/configs/router3.cfg]",0.5,1,1,VERIFIED,,0,1,0,0
Zephyr-7B,"[configs/router4.cfg]
!RANCID-CONTENT-TYPE: cisco
!
hostname R4
!
line vty 0 15
!
!
end
[/configs/router4.cfg]",1.0,1,1,VERIFIED,,1,0,0,0
Zephyr-7B,"[configs/router1.cfg]
!RANCID-CONTENT-TYPE: cisco
!
hostname R1
!
enable secret myStrongPassword12!
show running-config | section enable
!
end
[/configs/router1.cfg]",0.5,1,1,VERIFIED,,0,1,0,0
Zephyr-7B,"[configs/router2.cfg]
!RANCID-CONTENT-TYPE: cisco
!
hostname R2
!
enable secret myStrongPassword
!
end
[/configs/router2.cfg]",0.5,1,1,VERIFIED,,0,1,0,0
Zephyr-7B,"[configs/router3.cfg]
!RANCID-CONTENT-TYPE: cisco
!
hostname R3
!
aaa new-model
!
end
[/configs/router3.cfg]",1.0,1,1,VERIFIED,,1,0,0,0
Zephyr-7B,"[configs/router1.cfg]
!RANCID-CONTENT-TYPE: cisco
!
hostname R1
!
snmp-server enable
snmp-server host 192.168.1.100 version 2c auth md5 private
snmp-server view myview included .1 .2 .3 .4 .5 .6 .7 .8 .9 .10 .11 .12 .13 .14 .15 .16 .17 .18 .19 .20
snmp-server view myview auth md5 private
snmp-server view myview priv 12345
snmp-server view myview access-list 101
access-list 101 permit ip any any
snmp-server community private RO
snmp-server community private RW myview
!
end
[/configs/router1.cfg]",0.5,1,1,VERIFIED,,0,1,0,0
Zephyr-7B,"[configs/switch2.cfg]
!RANCID-CONTENT-TYPE: cisco
!
hostname SW2
!
vlan 20
 name VLAN_20
!
interface Fa0/24
 switchport mode trunk
 switchport trunk allowed vlan 10, 20, 30, 40
!
!
end
[/configs/switch2.cfg]",1.0,1,1,VERIFIED,,1,0,0,0
Zephyr-7B,"[configs/switch1.cfg]
!RANCID-CONTENT-TYPE: cisco
!
hostname SW1
!
interface FastEthernet0/1
 spanning-tree portfast
 spanning-tree bpduguard
!
!
end
[/configs/switch1.cfg]",1.0,1,1,VERIFIED,,1,0,0,0
Zephyr-7B,None,0.0,0,0,NO_VALID_CONFIG_BLOCKS,,0,0,0,0
Zephyr-7B,"[configs/switch1.cfg]
!RANCID-CONTENT-TYPE: cisco
!
hostname SW1
!
interface FastEthernet0/24
 switchport mode trunk
 switchport trunk native vlan 20
!
!
end
[/configs/switch1.cfg]",1.0,1,1,VERIFIED,,1,0,0,0
Zephyr-7B,"[configs/switch2.cfg]
!RANCID-CONTENT-TYPE: cisco
!
hostname SW2
!
vlan 40
 name VLAN_40
!
interface Vlan40
 ip address 10.0.4.1 255.255.255.0
 no shutdown
!
!
end
[/configs/switch2.cfg]",1.0,1,1,VERIFIED,,1,0,0,0
Zephyr-7B,None,0.0,0,0,NO_VALID_CONFIG_BLOCKS,,0,0,0,0
Zephyr-7B,"[configs/switch1.cfg]
!RANCID-CONTENT-TYPE: cisco
!
hostname SW1
!
interface FastEthernet0/24
 switchmode trunk
 allow vlan 10
 allow vlan 20
!
vlan 20
 name SW1_VLAN20
!
show vlan brief
interface FastEthernet0/24
 switchport mode trunk
 switchport trunk allowed vlan 10,20
!
vlan 20
 name SW1_VLAN20
!
!
end
[/configs/switch1.cfg]",0.5,1,1,VERIFIED,,0,1,0,0
Zephyr-7B,None,0.0,0,0,NO_VALID_CONFIG_BLOCKS,,0,0,0,0
Zephyr-7B,None,0.0,0,0,NO_VALID_CONFIG_BLOCKS,,0,0,0,0
Zephyr-7B,"[configs/router3.cfg]
!RANCID-CONTENT-TYPE: cisco
!
hostname R3
!
ip dhcp excluded-address 10.0.2.1 10.0.2.5
ip dhcp pool POOL_10_0_2
 network 10.0.2.0 255.255.255.0
!
!
end
[/configs/router3.cfg]",1.0,1,1,VERIFIED,,1,0,0,0
Zephyr-7B,"[configs/router3.cfg]
!RANCID-CONTENT-TYPE: cisco
!
hostname R3
!
ntp server 10.0.23.2
interface Ethernet0/0
 ntp source Ethernet0/0
!
!
end
[/configs/router3.cfg]",1.0,1,1,VERIFIED,,1,0,0,0
Zephyr-7B,"[configs/router2.cfg]
!RANCID-CONTENT-TYPE: cisco
!
hostname R2
!
logging console informational
!
end
[/configs/router2.cfg]",1.0,1,1,VERIFIED,,1,0,0,0
Zephyr-7B,"[configs/router4.cfg]
!RANCID-CONTENT-TYPE: cisco
!
hostname R4
!
interface Ethernet0/1
 cdp enable
!
!
end
[/configs/router4.cfg]",1.0,1,1,VERIFIED,,1,0,0,0
Zephyr-7B,"[configs/router3.cfg]
!RANCID-CONTENT-TYPE: cisco
!
hostname R3
!
hostname Edge-R3
!
end
[/configs/router3.cfg]",1.0,1,1,VERIFIED,,1,0,0,0
Zephyr-7B,None,0.0,0,0,NO_VALID_CONFIG_BLOCKS,,0,0,0,0
Zephyr-7B,"[configs/router1.cfg]
!RANCID-CONTENT-TYPE: cisco
!
hostname R1
!
interface Ethernet0/2
 ip address 10.0.14.1 255.255.255.0
 no shutdown
!
interface Ethernet0/1
 ip ospf authentication
 ip ospf authentication-key ospfkey
!
!
end
[/configs/router1.cfg]

[configs/router2.cfg]
!RANCID-CONTENT-TYPE: cisco
!
hostname R2
!
interface Ethernet0/0
 ip ospf authentication
 ip ospf authentication-key ospfkey
!
!
end
[/configs/router2.cfg]",1.0,2,2,VERIFIED,,2,0,0,0
Zephyr-7B,"[configs/router1.cfg]
!RANCID-CONTENT-TYPE: cisco
!
hostname R1
!
interface Ethernet0/1
 ip ospf authentication
 ip ospf authentication-key ospfkey
!
!
end
[/configs/router1.cfg]

[configs/router2.cfg]
!RANCID-CONTENT-TYPE: cisco
!
hostname R2
!
interface Ethernet0/0
 ip ospf authentication
 ip ospf authentication-key ospfkey
!
!
end
[/configs/router2.cfg]",1.0,2,2,VERIFIED,,2,0,0,0
Zephyr-7B,"[configs/router3.cfg]
!RANCID-CONTENT-TYPE: cisco
!
hostname R3
!
interface Ethernet0/1
 ip ospf hello-interval 5
 ip ospf dead-interval 20
!
!
end
[/configs/router3.cfg]

[configs/router4.cfg]
!RANCID-CONTENT-TYPE: cisco
!
hostname R4
!
interface Ethernet0/1
 ip ospf hello-interval 5
 ip ospf dead-interval 20
!
!
end
[/configs/router4.cfg]",1.0,2,2,VERIFIED,,2,0,0,0
Zephyr-7B,"[configs/router1.cfg]
!RANCID-CONTENT-TYPE: cisco
!
hostname R1
!
interface Loopback0
 ip address 10.0.1.1 255.255.255.255
 router-id LOOPBACK0
!
!
end
[/configs/router1.cfg]

[configs/router2.cfg]
!RANCID-CONTENT-TYPE: cisco
!
hostname R2
!
interface Loopback0
 ip address 10.0.12.1 255.255.255.255
 router-id LOOPBACK0
!
!
end
[/configs/router2.cfg]

[configs/router3.cfg]
!RANCID-CONTENT-TYPE: cisco
!
hostname R3
!
interface Loopback0
 ip address 10.0.23.1 255.255.255.255
 router-id LOOPBACK0
!
!
end
[/configs/router3.cfg]",0.5,3,3,VERIFIED,,0,3,0,0
Zephyr-7B,"[configs/router2.cfg]
!RANCID-CONTENT-TYPE: cisco
!
hostname R2
!
interface Ethernet0/1
 ip ospf cost 200
!
!
end
[/configs/router2.cfg]

[configs/router4.cfg]
!RANCID-CONTENT-TYPE: cisco
!
hostname R4
!
interface Ethernet0/1
 ip ospf cost 200
!
!
end
[/configs/router4.cfg]",1.0,2,2,VERIFIED,,2,0,0,0
Zephyr-7B,"[configs/router1.cfg]
!RANCID-CONTENT-TYPE: cisco
!
hostname R1
!
router ospf 1
 passive-interface Ethernet0/2
!
!
end
[/configs/router1.cfg]

[configs/router3.cfg]
!RANCID-CONTENT-TYPE: cisco
!
hostname R3
!
router ospf 1
 passive-interface Ethernet0/2
!
!
end
[/configs/router3.cfg]",1.0,2,2,VERIFIED,,2,0,0,0
Zephyr-7B,"[configs/router2.cfg]
!RANCID-CONTENT-TYPE: cisco
!
hostname R2
!
no ospf 1 area 0 on Ethernet0/0
no ospf 1 area 0 on Ethernet0/1
no ospf 1 area 0 on Ethernet0/2
no ospf 1
!
end
[/configs/router2.cfg]

[configs/router4.cfg]
!RANCID-CONTENT-TYPE: cisco
!
hostname R4
!
no ospf 1 area 0 on Ethernet0/0
no ospf 1
!
end
[/configs/router4.cfg]

[configs/router1.cfg]
!RANCID-CONTENT-TYPE: cisco
!
hostname R1
!
interface Ethernet0/2
 ip address 10.0.14.1 255.255.255.0
 no shutdown
!
interface Ethernet0
!
!
end
[/configs/router1.cfg]",0.6666666666666666,3,3,VERIFIED,,1,2,0,0
Zephyr-7B,"[configs/router1.cfg]
!RANCID-CONTENT-TYPE: cisco
!
hostname R1
!
ip route 10.0.2.0 255.255.255.0 10.0.12.2
!
end
[/configs/router1.cfg]

[configs/router3.cfg]
!RANCID-CONTENT-TYPE: cisco
!
hostname R3
!
ip route 10.0.1.0 255.255.255.0 10.0.23.1
!
end
[/configs/router3.cfg]",1.0,2,2,VERIFIED,,2,0,0,0
Zephyr-7B,"[configs/router2.cfg]
!RANCID-CONTENT-TYPE: cisco
!
hostname R2
!
ip route 0.0.0.0 0.0.0.0 10.0.12.1
!
end
[/configs/router2.cfg]

[configs/router4.cfg]
!RANCID-CONTENT-TYPE: cisco
!
hostname R4
!
ip route 0.0.0.0 0.0.0.0 10.0.14.1
!
end
[/configs/router4.cfg]",1.0,2,2,VERIFIED,,2,0,0,0
Zephyr-7B,"[configs/router2.cfg]
!RANCID-CONTENT-TYPE: cisco
!
hostname R2
!
ip route 10.0.14.0 255.255.255.0 10.0.24.2
!
end
[/configs/router2.cfg]

[configs/router3.cfg]
!RANCID-CONTENT-TYPE: cisco
!
hostname R3
!
ip route 10.0.14.0 255.255.255.0 10.0.34.2
!
end
[/configs/router3.cfg]",1.0,2,2,VERIFIED,,2,0,0,0
Zephyr-7B,"[configs/router1.cfg]
!RANCID-CONTENT-TYPE: cisco
!
hostname R1
!
ip route 10.0.23.0 255.255.255.0 10.0.12.2
ip route 10.0.23.0 255.255.255.0 10.0.12.2 metric 100
!
end
[/configs/router1.cfg]

[configs/router4.cfg]
!RANCID-CONTENT-TYPE: cisco
!
hostname R4
!
ip route 10.0.23.0 255.255.255.0 10.0.12.2
ip route 10.0.23.0 255.255.255.0 10.0.12.2 metric 100
!
end
[/configs/router4.cfg]",1.0,2,2,VERIFIED,,2,0,0,0
Zephyr-7B,"[configs/router3.cfg]
!RANCID-CONTENT-TYPE: cisco
!
hostname R3
!
no ip route 10.0.1.0 255.255.255.0 10.0.12.1
!
end
[/configs/router3.cfg]

[configs/router4.cfg]
!RANCID-CONTENT-TYPE: cisco
!
hostname R4
!
no ip route 10.0.1.0 255.255.255.0 10.0.14.1
!
end
[/configs/router4.cfg]",0.5,2,2,VERIFIED,,0,2,0,0
Zephyr-7B,None,0.0,0,0,NO_VALID_CONFIG_BLOCKS,,0,0,0,0
Zephyr-7B,"[configs/router1.cfg]
!RANCID-CONTENT-TYPE: cisco
!
hostname R1
!
interface Ethernet0/0
 ip address 10.0.1.1 255.255.255.0
 ip nat inside
!
interface Ethernet0/1
 ip address 10.0.12.1 255.255.255.0
 ip nat outside
!
ip nat translation
access-list NAT_ACCESS_LIST permit ip 10.0.1.0 0.0.255 any
!
end
[/configs/router1.cfg]",0.5,1,1,VERIFIED,,0,1,0,0
Zephyr-7B,"[configs/router3.cfg]
!RANCID-CONTENT-TYPE: cisco
!
hostname R3
!
interface Ethernet0/2
 ip address 10.0.2.1 255.255.255.0
 ip nat inside
 interface Ethernet0/0
 ip address 10.0.23.2 255.255.255.0
 ip nat outside
 ip nat translation
!
show ip nat translation
!
end
[/configs/router3.cfg]",0.5,1,1,VERIFIED,,0,1,0,0
Zephyr-7B,"[configs/router2.cfg]
!RANCID-CONTENT-TYPE: cisco
!
hostname R2
!
access-list 101 extended DENY_TELNET
interface Ethernet0/1
 ip address 10.0.12.2 255.255.255.0
 ip ospf network point-to-point
 ip ospf cost 64
 ip ospf priority 128
 ip ospf network broadcast
 ip ospf network point-to-multipoint
!
!
end
[/configs/router2.cfg]",1.0,1,1,VERIFIED,,1,0,0,0
Zephyr-7B,"[configs/router1.cfg]
!RANCID-CONTENT-TYPE: cisco
!
hostname R1
!
interface Ethernet0/2
 ip address 10.0.14.1 255.255.255.0
 no shutdown
!
interface Ethernet0/1
 ip ospf authentication
 ip ospf authentication-key ospfkey
!
!
end
[/configs/router1.cfg]

[configs/router2.cfg]
!RANCID-CONTENT-TYPE: cisco
!
hostname R2
!
interface Ethernet0/0
 ip ospf authentication
 ip ospf authentication-key ospfkey
!
!
end
[/configs/router2.cfg]",1.0,2,2,VERIFIED,,2,0,0,0
Zephyr-7B,None,0.0,0,0,NO_VALID_CONFIG_BLOCKS,,0,0,0,0
Zephyr-7B,"[configs/router4.cfg]
!RANCID-CONTENT-TYPE: cisco
!
hostname R4
!
ip access-list extended PERMIT_HTTPS
 permit tcp 10.0.14.0 0.0.0.255 any eq 80
 permit tcp 10.0.14.0 0.0.0.255 any eq 443
 deny   ip 10.0.14.0 0.0.0.255 any
 permit ip any any
!
interface Ethernet0/2
 ip verify unicast reverse-path
 ip access-group PERMIT_HTTPS out
!
!
end
[/configs/router4.cfg]",1.0,1,1,VERIFIED,,1,0,0,0
Zephyr-7B,"[configs/router3.cfg]
!RANCID-CONTENT-TYPE: cisco
!
hostname R3
!
ip access-list standard PERMIT_LAN2
 permit ip 10.0.2.0 0.0.0.255
!
interface Ethernet0/2
 no ip verify unicast-receives
 ip access-group PERMIT_LAN2 in
!
!
end
[/configs/router3.cfg]",0.5,1,1,VERIFIED,,0,1,0,0
Zephyr-7B,"[configs/router1.cfg]
!RANCID-CONTENT-TYPE: cisco
!
hostname R1
!
ip domain name corp.net
crypto protocol ssh version 2
!
end
[/configs/router1.cfg]

[configs/router3.cfg]
!RANCID-CONTENT-TYPE: cisco
!
hostname R3
!
ip domain name corp.net
crypto protocol ssh version 2
!
end
[/configs/router3.cfg]",0.5,2,2,VERIFIED,,0,2,0,0
Zephyr-7B,"[configs/router2.cfg]
!RANCID-CONTENT-TYPE: cisco
!
hostname R2
!
line vty 0 15
 transport input ssh
 login local
 no exec-timeout
 no password-recovery
!
!
end
[/configs/router2.cfg]

[configs/router4.cfg]
!RANCID-CONTENT-TYPE: cisco
!
hostname R4
!
line vty 0 15
 transport input ssh
 login local
 no exec-timeout
 no password-recovery
!
!
end
[/configs/router4.cfg]",0.5,2,2,VERIFIED,,0,2,0,0
Zephyr-7B,"[configs/router1.cfg]
!RANCID-CONTENT-TYPE: cisco
!
hostname R1
!
no cdp enable
!
end
[/configs/router1.cfg]

[configs/router2.cfg]
!RANCID-CONTENT-TYPE: cisco
!
hostname R2
!
no cdp enable
!
end
[/configs/router2.cfg]",1.0,2,2,VERIFIED,,2,0,0,0
Zephyr-7B,"[configs/router3.cfg]
!RANCID-CONTENT-TYPE: cisco
!
hostname R3
!
snmp-server community readonly RO
snmp-server enable traps
interface Ethernet0/0
 ip address 10.0.23.1 255.255.255.0
 no shutdown
!
!
end
[/configs/router3.cfg]

[configs/router4.cfg]
!RANCID-CONTENT-TYPE: cisco
!
hostname R4
!
snmp-server community readonly RO
snmp-server enable traps
interface Ethernet0/0
 ip address 10.0.14.2 255.255.255.0
 no shutdown
!
!
end
[/configs/router4.cfg]",1.0,2,2,VERIFIED,,2,0,0,0
Zephyr-7B,None,0.0,0,0,NO_VALID_CONFIG_BLOCKS,,0,0,0,0
Zephyr-7B,"[configs/router2.cfg]
!RANCID-CONTENT-TYPE: cisco
!
hostname R2
!
logging host 10.0.12.1
no logging console
logging buffered 10000
logging trap informational
!
end
[/configs/router2.cfg]

[configs/router3.cfg]
!RANCID-CONTENT-TYPE: cisco
!
hostname R3
!
logging host 10.0.12.1
no logging console
logging buffered 10000
logging trap informational
!
end
[/configs/router3.cfg]

[configs/router4.cfg]
!RANCID-CONTENT-TYPE: cisco
!
hostname R4
!
logging host 10.0.12.1
no logging console
logging buffered 10000
logging trap informational
!
end
[/configs/router4.cfg]",1.0,3,3,VERIFIED,,3,0,0,0
Zephyr-7B,"[configs/router2.cfg]
!RANCID-CONTENT-TYPE: cisco
!
hostname R2
!
ntp server 10.0.1.1
!
end
[/configs/router2.cfg]

[configs/router3.cfg]
!RANCID-CONTENT-TYPE: cisco
!
hostname R3
!
ntp server 10.0.1.1
!
end
[/configs/router3.cfg]

[configs/router4.cfg]
!RANCID-CONTENT-TYPE: cisco
!
hostname R4
!
ntp server 10.0.1.1
!
end
[/configs/router4.cfg]",1.0,3,3,VERIFIED,,3,0,0,0
Zephyr-7B,"[configs/router1.cfg]
!RANCID-CONTENT-TYPE: cisco
!
hostname R1
!
interface Ethernet0/0
 no ip proxy-arp
 interface Ethernet0/1
 no ip proxy-arp
 interface Ethernet0/2
 no ip proxy-arp
!
!
end
[/configs/router1.cfg]

[configs/router3.cfg]
!RANCID-CONTENT-TYPE: cisco
!
hostname R3
!
interface Ethernet0/0
 no ip proxy-arp
 interface Ethernet0/1
 no ip proxy-arp
 interface Ethernet0/2
 no ip proxy-arp
!
!
end
[/configs/router3.cfg]",1.0,2,2,VERIFIED,,2,0,0,0
Zephyr-7B,None,0.0,0,0,NO_VALID_CONFIG_BLOCKS,,0,0,0,0
Zephyr-7B,"[configs/router1.cfg]
!RANCID-CONTENT-TYPE: cisco
!
hostname R1
!
interface Ethernet0/2
 bandwidth 2000
!
!
end
[/configs/router1.cfg]

[configs/router4.cfg]
!RANCID-CONTENT-TYPE: cisco
!
hostname R4
!
interface Ethernet0/0
 bandwidth 2000
!
!
end
[/configs/router4.cfg]",1.0,2,2,VERIFIED,,2,0,0,0
Zephyr-7B,"[configs/router3.cfg]
!RANCID-CONTENT-TYPE: cisco
!
hostname R3
!
interface Ethernet0/1
 description ""Link between R3 and R4 for VLAN 40 connectivity""
!
!
end
[/configs/router3.cfg]

[configs/router4.cfg]
!RANCID-CONTENT-TYPE: cisco
!
hostname R4
!
interface Ethernet0/0
 description ""Link between R3 and R4 for VLAN 40 connectivity""
!
!
end
[/configs/router4.cfg]",1.0,2,2,VERIFIED,,2,0,0,0
Zephyr-7B,None,0.0,0,0,NO_VALID_CONFIG_BLOCKS,,0,0,0,0
Zephyr-7B,"[configs/router1.cfg]
!RANCID-CONTENT-TYPE: cisco
!
hostname R1
!
interface Loopback0
 ip address 11.11.11.11 255.255.255.254
 no shutdown
!
!
end
[/configs/router1.cfg]

[configs/router2.cfg]
!RANCID-CONTENT-TYPE: cisco
!
hostname R2
!
interface Loopback0
 ip address 22.22.22.22 255.255.255.254
 no shutdown
!
!
end
[/configs/router2.cfg]",1.0,2,2,VERIFIED,,2,0,0,0
Zephyr-7B,"[configs/switch1.cfg]
!RANCID-CONTENT-TYPE: cisco
!
hostname SW1
!
spanning-tree mode rapid-pvst
spanning-tree vlan 10 root primary
!
end
[/configs/switch1.cfg]

[configs/switch2.cfg]
!RANCID-CONTENT-TYPE: cisco
!
hostname SW2
!
spanning-tree mode rapid-pvst
spanning-tree vlan 30 root primary
!
end
[/configs/switch2.cfg]",1.0,2,2,VERIFIED,,2,0,0,0
Zephyr-7B,"[configs/switch1.cfg]
!RANCID-CONTENT-TYPE: cisco
!
hostname SW1
!
interface FastEthernet0/24
 switchport mode trunk
 switchport trunk allowed vlan 10
 switchport trunk native vlan 10
!
!
end
[/configs/switch1.cfg]

[configs/switch2.cfg]
!RANCID-CONTENT-TYPE: cisco
!
hostname SW2
!
interface FastEthernet0/24
 switchport mode trunk
 switchport trunk allowed vlan 30
 switchport trunk native vlan 30
!
!
end
[/configs/switch2.cfg]",1.0,2,2,VERIFIED,,2,0,0,0
Zephyr-7B,"[configs/switch1.cfg]
!RANCID-CONTENT-TYPE: cisco
!
hostname SW1
!
interface Vlan10
 ip address 10.0.1.2 255.255.255.0
!
interface Vlan10
 no shutdown
!
interface Vlan100
 ip address 10.0.100.1 255.255.255.0
!
interface Vlan100
 no shutdown
!
interface Vlan110
 ip address 10.0.110.1 255.255.255.0
!
interface
!
end
[/configs/switch1.cfg]",0.5,1,1,VERIFIED,,0,1,0,0
Zephyr-7B,"[configs/switch1.cfg]
!RANCID-CONTENT-TYPE: cisco
!
hostname SW1
!
interface Fa0/1
 switchport mode access
 switchport access vlan 10
 ip address 10.0.1.10 255.255.255.0
 spanning-tree portfast
 spanning-tree bpduguard enable
 port-security maximum 1
 port-security violation shutdown
!
!
end
[/configs/switch1.cfg]

[configs/switch2.cfg]
!RANCID-CONTENT-TYPE: cisco
!
hostname SW2
!
interface Fa0/1
 switchport mode access
 switchport access vlan 30
 ip address 10.0.2.10 255.255.255.0
 spanning-tree portfast
!
!
end
[/configs/switch2.cfg]",0.75,2,2,VERIFIED,,1,1,0,0
Zephyr-7B,"[configs/router1.cfg]
!RANCID-CONTENT-TYPE: cisco
!
hostname R1
!
ip dhcp excluded-address 10.0.1.1 10.0.1.10
ip dhcp pool POOL1
 network 10.0.1.0 255.255.255.0
!
interface Ethernet0/0
 ip address dhcp
 no ip forward-protocol nd
!
ip dhcp excluded-address 10.0.1.11 10.0.1.254
ip dhcp pool POOL2
 network 10.0.1.128 255.255.25
!
!
end
[/configs/router1.cfg]",1.0,1,1,VERIFIED,,1,0,0,0
Zephyr-7B,"[configs/switch1.cfg]
!RANCID-CONTENT-TYPE: cisco
!
hostname SW1
!
interface FastEthernet0/1
 spanning-tree portfast
!
interface FastEthernet0/24
 switchport mode trunk
 switchport trunk allowed vlan 10, 20
 spanning-tree portfast trunk
!
!
end
[/configs/switch1.cfg]

[configs/switch2.cfg]
!RANCID-CONTENT-TYPE: cisco
!
hostname SW2
!
interface FastEthernet0/1
 spanning-tree portfast
!
interface FastEthernet0/24
 switchport mode trunk
 switchport trunk allowed vlan 30, 40
 spanning-tree portfast trunk
!
!
end
[/configs/switch2.cfg]",1.0,2,2,VERIFIED,,2,0,0,0
Zephyr-7B,"[configs/switch1.cfg]
!RANCID-CONTENT-TYPE: cisco
!
hostname SW1
!
vlan 20
 name VLAN20
!
interface Fa0/24
 switchport mode trunk
 switchport trunk allowed vlan 10, 20
!
!
end
[/configs/switch1.cfg]

[configs/switch2.cfg]
!RANCID-CONTENT-TYPE: cisco
!
hostname SW2
!
vlan 40
 name VLAN40
!
interface Fa0/24
 switchport mode trunk
 switchport trunk allowed vlan 30, 40
!
!
end
[/configs/switch2.cfg]",1.0,2,2,VERIFIED,,2,0,0,0
Zephyr-7B,"[configs/router1.cfg]
!RANCID-CONTENT-TYPE: cisco
!
hostname R1
!
interface Ethernet0/1
 ip address 10.0.12.1 255.255.255.0
 no shutdown
!
!
end
[/configs/router1.cfg]

[configs/router2.cfg]
!RANCID-CONTENT-TYPE: cisco
!
hostname R2
!
interface Ethernet0/0
 ip address 10.0.12.2 255.255.255.0
 no shutdown
!
!
end
[/configs/router2.cfg]",1.0,2,2,VERIFIED,,2,0,0,0
Zephyr-7B,"[configs/router2.cfg]
!RANCID-CONTENT-TYPE: cisco
!
hostname R2
!
interface Ethernet0/1
 ip address 10.0.23.1 255.255.255.0
 no shutdown
!
!
end
[/configs/router2.cfg]

[configs/router3.cfg]
!RANCID-CONTENT-TYPE: cisco
!
hostname R3
!
interface Ethernet0/0
 ip address 10.0.23.2 255.255.255.0
 no shutdown
!
!
end
[/configs/router3.cfg]",1.0,2,2,VERIFIED,,2,0,0,0
Zephyr-7B,"[configs/router1.cfg]
!RANCID-CONTENT-TYPE: cisco
!
hostname R1
!
interface Ethernet0/1
 ip address 10.0.12.1 255.255.255.0
 no shutdown
!
interface Ethernet0/2
 ip address 10.0.14.1 255.255.255.0
 no shutdown
!
!
end
[/configs/router1.cfg]

[configs/router2.cfg]
!RANCID-CONTENT-TYPE: cisco
!
hostname R2
!
interface Ethernet0/0
 ip address 10.0.12.2 255.255.255.0
 no shutdown
!
interface Ethernet0/2
 ip address 10.0.
!
!
end
[/configs/router2.cfg]",0.75,2,2,VERIFIED,,1,1,0,0
Zephyr-7B,None,0.0,0,0,NO_VALID_CONFIG_BLOCKS,,0,0,0,0
Zephyr-7B,"[configs/router1.cfg]
!RANCID-CONTENT-TYPE: cisco
!
hostname R1
!
ntp server 10.0.1.1
ntp preferred
ntp drift-file CISCO
ntp authentication-key 1
ntp authenticate
ntp trusted-key 1
ntp clock-periodic
ntp clock-timezone UTC
ntp clock-source inside
!
end
[/configs/router1.cfg]

[configs/router2.cfg]
!RANCID-CONTENT-TYPE: cisco
!
hostname R2
!
ntp server 10.0.1.1
ntp preferred
ntp drift-file CISCO
ntp authentication-key 1
ntp authenticate
ntp trusted-key 1
ntp clock-period
!
end
[/configs/router2.cfg]",0.5,2,2,VERIFIED,,0,2,0,0
Zephyr-7B,None,0.0,0,0,NO_VALID_CONFIG_BLOCKS,,0,0,0,0
Zephyr-7B,"[configs/router2.cfg]
!RANCID-CONTENT-TYPE: cisco
!
hostname R2
!
no ip dhcp pool DEFAULT
no ip dhcp excluded-address 10.0.0.1 10.0.0.254
no ip dhcp excluded-address 10.0.12.1 10.0.12.254
no ip dhcp excluded-address 10.0.23.1 10.0.23.254
no ip dhcp excluded-address 10.0.24.1 10.0.24.254
!
end
[/configs/router2.cfg]

[configs/router4.cfg]
!RANCID-CONTENT-TYPE: cisco
!
hostname R4
!
no ip dhcp pool DEFAULT
no ip dhcp excluded-address 10.0.0.1 10.0.0.254
no ip dhcp excluded-address 10.0.14.1 1
!
end
[/configs/router4.cfg]",1.0,2,2,VERIFIED,,2,0,0,0
Zephyr-7B,None,0.0,0,0,NO_VALID_CONFIG_BLOCKS,,0,0,0,0
Zephyr-7B,"[configs/router1.cfg]
!RANCID-CONTENT-TYPE: cisco
!
hostname R1
!
interface Ethernet0/1
 ip ospf authentication message-digest
 ip ospf message-digest-key 1 md5 md5pass
!
!
end
[/configs/router1.cfg]

[configs/router2.cfg]
!RANCID-CONTENT-TYPE: cisco
!
hostname R2
!
interface Ethernet0/0
 ip ospf authentication message-digest
 ip ospf message-digest-key 1 md5 md5pass
!
!
end
[/configs/router2.cfg]",1.0,2,2,VERIFIED,,2,0,0,0
Zephyr-7B,None,0.0,0,0,NO_VALID_CONFIG_BLOCKS,,0,0,0,0
Zephyr-7B,None,0.0,0,0,NO_VALID_CONFIG_BLOCKS,,0,0,0,0
Zephyr-7B,"[configs/router2.cfg]
!RANCID-CONTENT-TYPE: cisco
!
hostname R2
!
router ospf 1
 network 10.0.12.0 0.0.0.255 area 0
 passive-interface Ethernet0/1
 passive-interface Ethernet0/2
!
!
end
[/configs/router2.cfg]",1.0,1,1,VERIFIED,,1,0,0,0
Zephyr-7B,None,0.0,0,0,NO_VALID_CONFIG_BLOCKS,,0,0,0,0
Zephyr-7B,None,0.0,0,0,NO_VALID_CONFIG_BLOCKS,,0,0,0,0
Zephyr-7B,"[configs/router3.cfg]
!RANCID-CONTENT-TYPE: cisco
!
hostname R3
!
interface Ethernet0/2
 ip address 10.0.2.1 255.255.255.0
 no shutdown
!
!
end
[/configs/router3.cfg]

[configs/router4.cfg]
!RANCID-CONTENT-TYPE: cisco
!
hostname R4
!
interface Ethernet0/1
 ip address 10.0.24.2 255.255.255.0
 no shutdown
!
!
end
[/configs/router4.cfg]

[configs/router1.cfg]
!RANCID-CONTENT-TYPE: cisco
!
hostname R1
!
interface Ethernet0/1
 ip ospf authentication
 ip ospf authentication-key ospfkey
!
!
end
[/configs/router1.cfg]

[configs/router2.cfg]
!RANCID-CONTENT-TYPE: cisco
!
hostname R2
!
interface Ethernet0/0
!
!
end
[/configs/router2.cfg]",1.0,4,4,VERIFIED,,4,0,0,0
Qwen2.5-7B-Instruct,"[configs/router1.cfg]
!RANCID-CONTENT-TYPE: cisco
!
hostname R1
!
interface Ethernet0/2
 ip address 10.0.14.1 255.255.255.0
 no shutdown
!
!
end
[/configs/router1.cfg]",1.0,1,1,VERIFIED,,1,0,0,0
Qwen2.5-7B-Instruct,"[configs/router2.cfg]
!RANCID-CONTENT-TYPE: cisco
!
hostname R2
!
interface Ethernet0/1
 mtu 1500
!
!
end
[/configs/router2.cfg]",1.0,1,1,VERIFIED,,1,0,0,0
Qwen2.5-7B-Instruct,"[configs/router3.cfg]
!RANCID-CONTENT-TYPE: cisco
!
hostname R3
!
interface Loopback1
 ip address 33.33.33.33 255.255.255.255
!
!
end
[/configs/router3.cfg]",1.0,1,1,VERIFIED,,1,0,0,0
Qwen2.5-7B-Instruct,"[configs/router1.cfg]
!RANCID-CONTENT-TYPE: cisco
!
hostname R1
!
interface Ethernet0/2
 no shutdown
!
!
end
[/configs/router1.cfg]",1.0,1,1,VERIFIED,,1,0,0,0
Qwen2.5-7B-Instruct,"[configs/router2.cfg]
!RANCID-CONTENT-TYPE: cisco
!
hostname R2
!
interface Ethernet0/2
 shutdown
!
!
end
[/configs/router2.cfg]",1.0,1,1,VERIFIED,,1,0,0,0
Qwen2.5-7B-Instruct,"[configs/router2.cfg]
!RANCID-CONTENT-TYPE: cisco
!
hostname R2
!
interface Ethernet0/1
 description Link to R3
!
!
end
[/configs/router2.cfg]",1.0,1,1,VERIFIED,,1,0,0,0
Qwen2.5-7B-Instruct,"[configs/router3.cfg]
!RANCID-CONTENT-TYPE: cisco
!
hostname R3
!
interface Ethernet0/0
 bandwidth 1500
!
!
end
[/configs/router3.cfg]",1.0,1,1,VERIFIED,,1,0,0,0
Qwen2.5-7B-Instruct,"[configs/router3.cfg]
!RANCID-CONTENT-TYPE: cisco
!
hostname R3
!
interface Ethernet0/2
 no ip proxy-arp
!
!
end
[/configs/router3.cfg]",1.0,1,1,VERIFIED,,1,0,0,0
Qwen2.5-7B-Instruct,"[configs/router4.cfg]
!RANCID-CONTENT-TYPE: cisco
!
hostname R4
!
interface Ethernet0/1
 ip arp timeout 600
!
!
end
[/configs/router4.cfg]",1.0,1,1,VERIFIED,,1,0,0,0
Qwen2.5-7B-Instruct,"[configs/router4.cfg]
!RANCID-CONTENT-TYPE: cisco
!
hostname R4
!
interface loopback 0
 ip address 44.44.44.44 255.255.255.255
!
!
end
[/configs/router4.cfg]",1.0,1,1,VERIFIED,,1,0,0,0
Qwen2.5-7B-Instruct,"[configs/router3.cfg]
!RANCID-CONTENT-TYPE: cisco
!
hostname R3
!
ip route 10.0.1.0 255.255.255.0 10.0.23.1
!
end
[/configs/router3.cfg]",1.0,1,1,VERIFIED,,1,0,0,0
Qwen2.5-7B-Instruct,"[configs/router4.cfg]
!RANCID-CONTENT-TYPE: cisco
!
hostname R4
!
ip route 0.0.0.0 0.0.0.0 10.0.14.1
!
end
[/configs/router4.cfg]",1.0,1,1,VERIFIED,,1,0,0,0
Qwen2.5-7B-Instruct,"[configs/router2.cfg]
!RANCID-CONTENT-TYPE: cisco
!
hostname R2
!
ip route 10.0.1.0 255.255.255.0 10.0.12.1
!
end
[/configs/router2.cfg]",1.0,1,1,VERIFIED,,1,0,0,0
Qwen2.5-7B-Instruct,"[configs/router2.cfg]
!RANCID-CONTENT-TYPE: cisco
!
hostname R2
!
router ospf 2
 network 10.0.12.0 0.0.0.255 area 0
 network 10.0.23.0 0.0.0.255 area 0
 network 10.0.24.0 0.0.0.255 area 0
!
!
end
[/configs/router2.cfg]",1.0,1,1,VERIFIED,,1,0,0,0
Qwen2.5-7B-Instruct,"[configs/router3.cfg]
!RANCID-CONTENT-TYPE: cisco
!
hostname R3
!
router ospf 1
 router-id 3.3.3.3
!
!
end
[/configs/router3.cfg]",1.0,1,1,VERIFIED,,1,0,0,0
Qwen2.5-7B-Instruct,"[configs/router2.cfg]
!RANCID-CONTENT-TYPE: cisco
!
hostname R2
!
interface Ethernet0/2
 ip ospf cost 50
!
!
end
[/configs/router2.cfg]",1.0,1,1,VERIFIED,,1,0,0,0
Qwen2.5-7B-Instruct,"[configs/router4.cfg]
!RANCID-CONTENT-TYPE: cisco
!
hostname R4
!
router ospf 1
 network 10.0.34.0 0.0.0.255 area 0
 passive-interface
!
!
end
[/configs/router4.cfg]",0.5,1,1,VERIFIED,,0,1,0,0
Qwen2.5-7B-Instruct,"[configs/router4.cfg]
!RANCID-CONTENT-TYPE: cisco
!
hostname R4
!
no ip route 0.0.0.0 0.0.0.0 10.0.14.1
!
end
[/configs/router4.cfg]",0.5,1,1,VERIFIED,,0,1,0,0
Qwen2.5-7B-Instruct,"[configs/router3.cfg]
!RANCID-CONTENT-TYPE: cisco
!
hostname R3
!
interface Ethernet0/1
 ip ospf hello-interval 10
!
!
end
[/configs/router3.cfg]",1.0,1,1,VERIFIED,,1,0,0,0
Qwen2.5-7B-Instruct,"[configs/router1.cfg]
!RANCID-CONTENT-TYPE: cisco
!
hostname R1
!
interface Ethernet0/2
 ip ospf authentication
 ip ospf authentication-key netpass
!
!
end
[/configs/router1.cfg]

[configs/router4.cfg]
!RANCID-CONTENT-TYPE: cisco
!
hostname R4
!
interface Ethernet0/0
 ip ospf authentication
 ip ospf authentication-key netpass
!
!
end
[/configs/router4.cfg]",1.0,2,2,VERIFIED,,2,0,0,0
Qwen2.5-7B-Instruct,"[configs/router1.cfg]
!RANCID-CONTENT-TYPE: cisco
!
hostname R1
!
ip access-list extended DENY_TELNET
 deny tcp 10.0.1.0 0.0.0.255 any eq 23
 permit ip any any
!
!
end
[/configs/router1.cfg]",1.0,1,1,VERIFIED,,1,0,0,0
Qwen2.5-7B-Instruct,"[configs/router1.cfg]
!RANCID-CONTENT-TYPE: cisco
!
hostname R1
!
ip access-list extended DENY_TELNET
 deny tcp 10.0.1.0 0.0.0.255 any eq 23
 permit ip any any
!
interface FastEthernet0/0
 ip access-group DENY_TELNET in
!
!
end
[/configs/router1.cfg]",1.0,1,1,VERIFIED,,1,0,0,0
Qwen2.5-7B-Instruct,"[configs/router3.cfg]
!RANCID-CONTENT-TYPE: cisco
!
hostname R3
!
ip access-list standard PERMIT_10_0_2
 permit 10.0.2.0 0.0.0.255
!
!
end
[/configs/router3.cfg]",1.0,1,1,VERIFIED,,1,0,0,0
Qwen2.5-7B-Instruct,"[configs/router4.cfg]
!RANCID-CONTENT-TYPE: cisco
!
hostname R4
!
ip access-list extended DENY_ICMP_TO_14
 deny icmp any 10.0.14.0 0.0.0.255
 permit ip any any
!
!
end
[/configs/router4.cfg]",1.0,1,1,VERIFIED,,1,0,0,0
Qwen2.5-7B-Instruct,"[configs/router3.cfg]
!RANCID-CONTENT-TYPE: cisco
!
hostname R3
!
hostname R3
ip domain-name lab.local
ip ssh version 2
!
end
[/configs/router3.cfg]",1.0,1,1,VERIFIED,,1,0,0,0
Qwen2.5-7B-Instruct,"[configs/router4.cfg]
!RANCID-CONTENT-TYPE: cisco
!
hostname R4
!
line vty 0 4
 password cisco
 login
!
!
end
[/configs/router4.cfg]",1.0,1,1,VERIFIED,,1,0,0,0
Qwen2.5-7B-Instruct,"[configs/router1.cfg]
!RANCID-CONTENT-TYPE: cisco
!
hostname R1
!
enable secret cisco123
!
end
[/configs/router1.cfg]",0.5,1,1,VERIFIED,,0,1,0,0
Qwen2.5-7B-Instruct,"[configs/router2.cfg]
!RANCID-CONTENT-TYPE: cisco
!
hostname R2
!
line console 0
 password myconsolepassword
 login
!
!
end
[/configs/router2.cfg]",1.0,1,1,VERIFIED,,1,0,0,0
Qwen2.5-7B-Instruct,"[configs/router3.cfg]
!RANCID-CONTENT-TYPE: cisco
!
hostname R3
!
aaa new-model
!
end
[/configs/router3.cfg]",1.0,1,1,VERIFIED,,1,0,0,0
Qwen2.5-7B-Instruct,"[configs/router1.cfg]
!RANCID-CONTENT-TYPE: cisco
!
hostname R1
!
snmp-server community private RO
!
end
[/configs/router1.cfg]",1.0,1,1,VERIFIED,,1,0,0,0
Qwen2.5-7B-Instruct,"[configs/switch2.cfg]
!RANCID-CONTENT-TYPE: cisco
!
hostname SW2
!
vlan 20
!
!
end
[/configs/switch2.cfg]",1.0,1,1,VERIFIED,,1,0,0,0
Qwen2.5-7B-Instruct,"[configs/switch1.cfg]
!RANCID-CONTENT-TYPE: cisco
!
hostname SW1
!
interface FastEthernet0/1
 spanning-tree portfast
 spanning-tree bpduguard enable
!
!
end
[/configs/switch1.cfg]",1.0,1,1,VERIFIED,,1,0,0,0
Qwen2.5-7B-Instruct,"[configs/router3.cfg]
!RANCID-CONTENT-TYPE: cisco
!
hostname R3
!
spanning-tree vlan 40 root primary
!
end
[/configs/router3.cfg]",1.0,1,1,VERIFIED,,1,0,0,0
Qwen2.5-7B-Instruct,"[configs/switch1.cfg]
!RANCID-CONTENT-TYPE: cisco
!
hostname SW1
!
interface FastEthernet0/24
 switchport trunk native vlan 20
!
!
end
[/configs/switch1.cfg]",1.0,1,1,VERIFIED,,1,0,0,0
Qwen2.5-7B-Instruct,"[configs/switch2.cfg]
!RANCID-CONTENT-TYPE: cisco
!
hostname SW2
!
vlan 40
!
interface Vlan40
 ip address 10.0.4.1 255.255.255.0
 no shutdown
!
!
end
[/configs/switch2.cfg]",1.0,1,1,VERIFIED,,1,0,0,0
Qwen2.5-7B-Instruct,"[configs/switch2.cfg]
!RANCID-CONTENT-TYPE: cisco
!
hostname SW2
!
interface Fa0/1
 storm-control broadcast level pps 10
!
!
end
[/configs/switch2.cfg]",1.0,1,1,VERIFIED,,1,0,0,0
Qwen2.5-7B-Instruct,"[configs/switch1.cfg]
!RANCID-CONTENT-TYPE: cisco
!
hostname SW1
!
interface FastEthernet0/24
 switchport mode trunk
 switchport trunk allowed vlan 10,20
!
vlan 20
!
!
end
[/configs/switch1.cfg]",1.0,1,1,VERIFIED,,1,0,0,0
Qwen2.5-7B-Instruct,"[configs/switch2.cfg]
!RANCID-CONTENT-TYPE: cisco
!
hostname SW2
!
interface FastEthernet0/1
 switchport port-security
 switchport port-security maximum 2
!
!
end
[/configs/switch2.cfg]",1.0,1,1,VERIFIED,,1,0,0,0
Qwen2.5-7B-Instruct,"[configs/router4.cfg]
!RANCID-CONTENT-TYPE: cisco
!
hostname R4
!
ip dhcp pool VLAN10
 network 10.0.14.0 255.255.255.0
 default-router 10.0.14.1
!
!
end
[/configs/router4.cfg]",1.0,1,1,VERIFIED,,1,0,0,0
Qwen2.5-7B-Instruct,"[configs/router3.cfg]
!RANCID-CONTENT-TYPE: cisco
!
hostname R3
!
ip dhcp excluded-address 10.0.2.1 10.0.2.5
ip dhcp pool VLAN30
 network 10.0.2.0 255.255.255.0
 default-router 10.0.2.1
!
!
end
[/configs/router3.cfg]",1.0,1,1,VERIFIED,,1,0,0,0
Qwen2.5-7B-Instruct,"[configs/router3.cfg]
!RANCID-CONTENT-TYPE: cisco
!
hostname R3
!
ntp server 10.0.23.2
!
end
[/configs/router3.cfg]",1.0,1,1,VERIFIED,,1,0,0,0
Qwen2.5-7B-Instruct,"[configs/router2.cfg]
!RANCID-CONTENT-TYPE: cisco
!
hostname R2
!
logging level informational
!
end
[/configs/router2.cfg]",1.0,1,1,VERIFIED,,1,0,0,0
Qwen2.5-7B-Instruct,"[configs/router4.cfg]
!RANCID-CONTENT-TYPE: cisco
!
hostname R4
!
interface Ethernet0/2
 cdp enable
!
!
end
[/configs/router4.cfg]",1.0,1,1,VERIFIED,,1,0,0,0
Qwen2.5-7B-Instruct,"[configs/router3.cfg]
!RANCID-CONTENT-TYPE: cisco
!
hostname R3
!
hostname Edge-R3
!
end
[/configs/router3.cfg]",1.0,1,1,VERIFIED,,1,0,0,0
Qwen2.5-7B-Instruct,None,0.0,0,0,NO_VALID_CONFIG_BLOCKS,,0,0,0,0
Qwen2.5-7B-Instruct,"[configs/router1.cfg]
!RANCID-CONTENT-TYPE: cisco
!
hostname R1
!
router ospf 1
 network 10.0.1.0 0.0.0.255 area 0
 network 10.0.12.0 0.0.0.255 area 0
 network 10.0.14.0 0.0.0.255 area 0
!
!
end
[/configs/router1.cfg]

[configs/router2.cfg]
!RANCID-CONTENT-TYPE: cisco
!
hostname R2
!
router ospf 1
 network 10.0.12.0 0.0.0.255 area 0
 network 10.0.23.0 0.0.0.255 area 0
 network 10.0.24.0 0.0.0.255 area 0
!
!
end
[/configs/router2.cfg]

[configs/router3.cfg]
!RANCID-CONTENT-TYPE: cisco
!
hostname R3
!
router ospf 1
 network 10.0.23.0
!
!
end
[/configs/router3.cfg]",0.8333333333333334,3,3,VERIFIED,,2,1,0,0
Qwen2.5-7B-Instruct,"[configs/router1.cfg]
!RANCID-CONTENT-TYPE: cisco
!
hostname R1
!
interface Ethernet0/1
 ip ospf authentication
 ip ospf authentication-key ospfkey
!
!
end
[/configs/router1.cfg]

[configs/router2.cfg]
!RANCID-CONTENT-TYPE: cisco
!
hostname R2
!
interface Ethernet0/0
 ip ospf authentication
 ip ospf authentication-key ospfkey
!
!
end
[/configs/router2.cfg]",1.0,2,2,VERIFIED,,2,0,0,0
Qwen2.5-7B-Instruct,"[configs/router3.cfg]
!RANCID-CONTENT-TYPE: cisco
!
hostname R3
!
interface Ethernet0/1
 ip ospf hello-interval 5
 ip ospf dead-interval 20
!
!
end
[/configs/router3.cfg]

[configs/router4.cfg]
!RANCID-CONTENT-TYPE: cisco
!
hostname R4
!
interface Ethernet0/2
 ip ospf hello-interval 5
 ip ospf dead-interval 20
!
!
end
[/configs/router4.cfg]",1.0,2,2,VERIFIED,,2,0,0,0
Qwen2.5-7B-Instruct,"[configs/router1.cfg]
!RANCID-CONTENT-TYPE: cisco
!
hostname R1
!
interface Loopback0
 ip address 10.0.1.1 255.255.255.255
!
!
end
[/configs/router1.cfg]

[configs/router2.cfg]
!RANCID-CONTENT-TYPE: cisco
!
hostname R2
!
interface Loopback0
 ip address 10.0.12.1 255.255.255.255
!
!
end
[/configs/router2.cfg]

[configs/router3.cfg]
!RANCID-CONTENT-TYPE: cisco
!
hostname R3
!
interface Loopback0
 ip address 10.0.23.1 255.255.255.255
!
!
end
[/configs/router3.cfg]

[configs/router4.cfg]
!RANCID-CONTENT-TYPE: cisco
!
hostname R4
!
interface Loopback0
 ip address 10.0.34.1 255.255.255.255
!
!
end
[/configs/router4.cfg]",1.0,4,4,VERIFIED,,4,0,0,0
Qwen2.5-7B-Instruct,"[configs/router2.cfg]
!RANCID-CONTENT-TYPE: cisco
!
hostname R2
!
interface Ethernet0/2
 ip ospf cost 200
!
!
end
[/configs/router2.cfg]

[configs/router4.cfg]
!RANCID-CONTENT-TYPE: cisco
!
hostname R4
!
interface Ethernet0/1
 ip ospf cost 200
!
!
end
[/configs/router4.cfg]",1.0,2,2,VERIFIED,,2,0,0,0
Qwen2.5-7B-Instruct,"[configs/router1.cfg]
!RANCID-CONTENT-TYPE: cisco
!
hostname R1
!
router ospf 1
 passive-interface default
 no passive-interface Ethernet0/1
 no passive-interface Ethernet0/2
!
!
end
[/configs/router1.cfg]

[configs/router3.cfg]
!RANCID-CONTENT-TYPE: cisco
!
hostname R3
!
router ospf 1
 passive-interface default
 no passive-interface Ethernet0/0
 no passive-interface Ethernet0/2
!
!
end
[/configs/router3.cfg]",1.0,2,2,VERIFIED,,2,0,0,0
Qwen2.5-7B-Instruct,"[configs/router2.cfg]
!RANCID-CONTENT-TYPE: cisco
!
hostname R2
!
no router ospf 1
!
end
[/configs/router2.cfg]

[configs/router4.cfg]
!RANCID-CONTENT-TYPE: cisco
!
hostname R4
!
no router ospf 1
!
end
[/configs/router4.cfg]",0.5,2,2,VERIFIED,,0,2,0,0
Qwen2.5-7B-Instruct,"[configs/router1.cfg]
!RANCID-CONTENT-TYPE: cisco
!
hostname R1
!
ip route 10.0.2.0 255.255.255.0 10.0.12.2
!
end
[/configs/router1.cfg]

[configs/router3.cfg]
!RANCID-CONTENT-TYPE: cisco
!
hostname R3
!
ip route 10.0.1.0 255.255.255.0 10.0.23.1
!
end
[/configs/router3.cfg]",1.0,2,2,VERIFIED,,2,0,0,0
Qwen2.5-7B-Instruct,"[configs/router2.cfg]
!RANCID-CONTENT-TYPE: cisco
!
hostname R2
!
ip route 0.0.0.0 0.0.0.0 10.0.12.1
!
end
[/configs/router2.cfg]

[configs/router4.cfg]
!RANCID-CONTENT-TYPE: cisco
!
hostname R4
!
ip route 0.0.0.0 0.0.0.0 10.0.14.1
!
end
[/configs/router4.cfg]",1.0,2,2,VERIFIED,,2,0,0,0
Qwen2.5-7B-Instruct,"[configs/router2.cfg]
!RANCID-CONTENT-TYPE: cisco
!
hostname R2
!
ip route 10.0.14.0 255.255.255.0 10.0.24.2
!
end
[/configs/router2.cfg]

[configs/router3.cfg]
!RANCID-CONTENT-TYPE: cisco
!
hostname R3
!
ip route 10.0.14.0 255.255.255.0 10.0.24.2
!
end
[/configs/router3.cfg]",1.0,2,2,VERIFIED,,2,0,0,0
Qwen2.5-7B-Instruct,"[configs/router1.cfg]
!RANCID-CONTENT-TYPE: cisco
!
hostname R1
!
ip route 10.0.23.0 255.255.255.0 10.0.12.2
!
end
[/configs/router1.cfg]

[configs/router4.cfg]
!RANCID-CONTENT-TYPE: cisco
!
hostname R4
!
ip route 10.0.23.0 255.255.255.0 10.0.14.1
!
end
[/configs/router4.cfg]",1.0,2,2,VERIFIED,,2,0,0,0
Qwen2.5-7B-Instruct,"[configs/router3.cfg]
!RANCID-CONTENT-TYPE: cisco
!
hostname R3
!
no ip route 10.0.1.0 255.255.255.0 10.0.23.1
!
end
[/configs/router3.cfg]

[configs/router4.cfg]
!RANCID-CONTENT-TYPE: cisco
!
hostname R4
!
no ip route 10.0.1.0 255.255.255.0 10.0.14.1
!
end
[/configs/router4.cfg]",0.5,2,2,VERIFIED,,0,2,0,0
Qwen2.5-7B-Instruct,"[configs/router1.cfg]
!RANCID-CONTENT-TYPE: cisco
!
hostname R1
!
ip route 10.0.34.0 255.255.255.0 10.0.14.2
!
end
[/configs/router1.cfg]

[configs/router2.cfg]
!RANCID-CONTENT-TYPE: cisco
!
hostname R2
!
ip route 10.0.34.0 255.255.255.0 10.0.14.2
!
end
[/configs/router2.cfg]",1.0,2,2,VERIFIED,,2,0,0,0
Qwen2.5-7B-Instruct,"[configs/router1.cfg]
!RANCID-CONTENT-TYPE: cisco
!
hostname R1
!
ip forward-protocol ip
ip nat inside source list 1 interface Ethernet0/1 overload
ip nat inside source static tcp 10.0.1.10 22 10.0.12.1 22 extendable
ip nat inside source static udp 10.0.1.10 123 10.0.12.1 123 extendable
ip nat inside source static icmp 10.0.1.10 10.0.12.1 extendable
ip access-list extended NAT_RULES
 permit ip 10.0.1.0 0.0.0.255 any
!
interface Ethernet0/0
 ip nat inside
!
interface Ethernet0/1
 ip nat outside
!
!
end
[/configs/router1.cfg]",0.5,1,1,VERIFIED,,0,1,0,0
Qwen2.5-7B-Instruct,"[configs/router3.cfg]
!RANCID-CONTENT-TYPE: cisco
!
hostname R3
!
interface Ethernet0/2
 ip nat inside
!
interface Ethernet0/0
 ip nat outside
!
ip nat inside source list 1 interface Ethernet0/0 overload
access-list 1 permit 10.0.2.0 0.0.0.255
!
end
[/configs/router3.cfg]",1.0,1,1,VERIFIED,,1,0,0,0
Qwen2.5-7B-Instruct,"[configs/router2.cfg]
!RANCID-CONTENT-TYPE: cisco
!
hostname R2
!
ip access-list extended DENY_TELNET
 deny tcp 10.0.12.0 0.0.0.255 any eq 23
 permit ip any any
!
interface Ethernet0/0
 ip access-group DENY_TELNET in
!
!
end
[/configs/router2.cfg]",1.0,1,1,VERIFIED,,1,0,0,0
Qwen2.5-7B-Instruct,"[configs/router1.cfg]
!RANCID-CONTENT-TYPE: cisco
!
hostname R1
!
ip access-list extended SSH_PERMIT
 permit tcp 10.0.12.0 0.0.0.255 any eq 22
 permit ip any any
 interface Ethernet0/1
 ip access-group SSH_PERMIT in
!
!
end
[/configs/router1.cfg]

[configs/router3.cfg]
!RANCID-CONTENT-TYPE: cisco
!
hostname R3
!
ip access-list extended SSH_PERMIT
 permit tcp 10.0.12.0 0.0.0.255 any eq 22
 permit ip any any
 interface Ethernet0/0
 ip access-group SSH_PERMIT in
!
!
end
[/configs/router3.cfg]",1.0,2,2,VERIFIED,,2,0,0,0
Qwen2.5-7B-Instruct,"[configs/router1.cfg]
!RANCID-CONTENT-TYPE: cisco
!
hostname R1
!
ip nat inside source static 10.0.1.10 10.0.12.100
!
end
[/configs/router1.cfg]

[configs/router3.cfg]
!RANCID-CONTENT-TYPE: cisco
!
hostname R3
!
ip nat inside source static 10.0.2.10 10.0.23.100
!
end
[/configs/router3.cfg]",1.0,2,2,VERIFIED,,2,0,0,0
Qwen2.5-7B-Instruct,"[configs/router4.cfg]
!RANCID-CONTENT-TYPE: cisco
!
hostname R4
!
ip access-list extended ALLOW_HTTPS_HTTP
 permit tcp 10.0.14.0 0.0.0.255 any eq 80
 permit tcp 10.0.14.0 0.0.0.255 any eq 443
 permit ip any any
!
interface Ethernet0/0
 ip access-group ALLOW_HTTPS_HTTP out
!
!
end
[/configs/router4.cfg]",1.0,1,1,VERIFIED,,1,0,0,0
Qwen2.5-7B-Instruct,"[configs/router3.cfg]
!RANCID-CONTENT-TYPE: cisco
!
hostname R3
!
ip access-list standard PERMIT_LAN2
 permit 10.0.2.0 0.0.0.255
!
interface Ethernet0/2
 ip access-group PERMIT_LAN2 in
!
!
end
[/configs/router3.cfg]",1.0,1,1,VERIFIED,,1,0,0,0
Qwen2.5-7B-Instruct,"[configs/router1.cfg]
!RANCID-CONTENT-TYPE: cisco
!
hostname R1
!
username admin privilege 15 secret mypassword
line vty 0 4
 transport input ssh
 login local
!
!
end
[/configs/router1.cfg]

[configs/router3.cfg]
!RANCID-CONTENT-TYPE: cisco
!
hostname R3
!
username admin privilege 15 secret mypassword
line vty 0 4
 transport input ssh
 login local
!
!
end
[/configs/router3.cfg]",1.0,2,2,VERIFIED,,2,0,0,0
Qwen2.5-7B-Instruct,"[configs/router2.cfg]
!RANCID-CONTENT-TYPE: cisco
!
hostname R2
!
line vty 0 4
 login local
 transport input ssh
!
!
end
[/configs/router2.cfg]

[configs/router4.cfg]
!RANCID-CONTENT-TYPE: cisco
!
hostname R4
!
line vty 0 4
 login local
 transport input ssh
!
!
end
[/configs/router4.cfg]",1.0,2,2,VERIFIED,,2,0,0,0
Qwen2.5-7B-Instruct,"[configs/router1.cfg]
!RANCID-CONTENT-TYPE: cisco
!
hostname R1
!
no cdp run
!
end
[/configs/router1.cfg]

[configs/router2.cfg]
!RANCID-CONTENT-TYPE: cisco
!
hostname R2
!
no cdp run
!
end
[/configs/router2.cfg]",1.0,2,2,VERIFIED,,2,0,0,0
Qwen2.5-7B-Instruct,"[configs/router3.cfg]
!RANCID-CONTENT-TYPE: cisco
!
hostname R3
!
snmp-server community readonly ro
!
end
[/configs/router3.cfg]

[configs/router4.cfg]
!RANCID-CONTENT-TYPE: cisco
!
hostname R4
!
snmp-server community readonly ro
!
end
[/configs/router4.cfg]",1.0,2,2,VERIFIED,,2,0,0,0
Qwen2.5-7B-Instruct,"[configs/router1.cfg]
!RANCID-CONTENT-TYPE: cisco
!
hostname R1
!
enable secret pass1
!
end
[/configs/router1.cfg]

[configs/router2.cfg]
!RANCID-CONTENT-TYPE: cisco
!
hostname R2
!
enable secret pass2
!
end
[/configs/router2.cfg]

[configs/router3.cfg]
!RANCID-CONTENT-TYPE: cisco
!
hostname R3
!
enable secret pass3
!
end
[/configs/router3.cfg]

[configs/router4.cfg]
!RANCID-CONTENT-TYPE: cisco
!
hostname R4
!
enable secret pass4
!
end
[/configs/router4.cfg]",0.5,4,4,VERIFIED,,0,4,0,0
Qwen2.5-7B-Instruct,"[configs/router2.cfg]
!RANCID-CONTENT-TYPE: cisco
!
hostname R2
!
logging host 10.0.12.1
!
end
[/configs/router2.cfg]

[configs/router3.cfg]
!RANCID-CONTENT-TYPE: cisco
!
hostname R3
!
logging host 10.0.12.1
!
end
[/configs/router3.cfg]

[configs/router4.cfg]
!RANCID-CONTENT-TYPE: cisco
!
hostname R4
!
logging host 10.0.12.1
!
end
[/configs/router4.cfg]",1.0,3,3,VERIFIED,,3,0,0,0
Qwen2.5-7B-Instruct,"[configs/router2.cfg]
!RANCID-CONTENT-TYPE: cisco
!
hostname R2
!
ntp server 10.0.1.1
!
end
[/configs/router2.cfg]

[configs/router3.cfg]
!RANCID-CONTENT-TYPE: cisco
!
hostname R3
!
ntp server 10.0.1.1
!
end
[/configs/router3.cfg]

[configs/router4.cfg]
!RANCID-CONTENT-TYPE: cisco
!
hostname R4
!
ntp server 10.0.1.1
!
end
[/configs/router4.cfg]",1.0,3,3,VERIFIED,,3,0,0,0
Qwen2.5-7B-Instruct,"[configs/router1.cfg]
!RANCID-CONTENT-TYPE: cisco
!
hostname R1
!
interface Ethernet0/0
 no ip proxy-arp
!
interface Ethernet0/1
 no ip proxy-arp
!
interface Ethernet0/2
 no ip proxy-arp
!
!
end
[/configs/router1.cfg]

[configs/router3.cfg]
!RANCID-CONTENT-TYPE: cisco
!
hostname R3
!
interface Ethernet0/0
 no ip proxy-arp
!
interface Ethernet0/1
 no ip proxy-arp
!
interface Ethernet0/2
 no ip proxy-arp
!
!
end
[/configs/router3.cfg]",1.0,2,2,VERIFIED,,2,0,0,0
Qwen2.5-7B-Instruct,"[configs/router2.cfg]
!RANCID-CONTENT-TYPE: cisco
!
hostname R2
!
interface Ethernet0/1
 mtu 1400
!
!
end
[/configs/router2.cfg]

[configs/router3.cfg]
!RANCID-CONTENT-TYPE: cisco
!
hostname R3
!
interface Ethernet0/0
 mtu 1400
!
!
end
[/configs/router3.cfg]",1.0,2,2,VERIFIED,,2,0,0,0
Qwen2.5-7B-Instruct,"[configs/router1.cfg]
!RANCID-CONTENT-TYPE: cisco
!
hostname R1
!
interface Ethernet0/2
 bandwidth 2000
!
!
end
[/configs/router1.cfg]

[configs/router4.cfg]
!RANCID-CONTENT-TYPE: cisco
!
hostname R4
!
interface Ethernet0/0
 bandwidth 2000
!
!
end
[/configs/router4.cfg]",1.0,2,2,VERIFIED,,2,0,0,0
Qwen2.5-7B-Instruct,"[configs/router3.cfg]
!RANCID-CONTENT-TYPE: cisco
!
hostname R3
!
interface Ethernet0/1
 description Link to R4
!
!
end
[/configs/router3.cfg]

[configs/router4.cfg]
!RANCID-CONTENT-TYPE: cisco
!
hostname R4
!
interface Ethernet0/2
 description Link to R3
!
!
end
[/configs/router4.cfg]",1.0,2,2,VERIFIED,,2,0,0,0
Qwen2.5-7B-Instruct,"[configs/router2.cfg]
!RANCID-CONTENT-TYPE: cisco
!
hostname R2
!
interface Ethernet0/2
 shutdown
!
!
end
[/configs/router2.cfg]

[configs/router4.cfg]
!RANCID-CONTENT-TYPE: cisco
!
hostname R4
!
interface Ethernet0/1
 shutdown
!
!
end
[/configs/router4.cfg]",1.0,2,2,VERIFIED,,2,0,0,0
Qwen2.5-7B-Instruct,"[configs/router1.cfg]
!RANCID-CONTENT-TYPE: cisco
!
hostname R1
!
interface loopback 0
 ip address 11.11.11.11 255.255.255.255
 no shutdown
!
!
end
[/configs/router1.cfg]

[configs/router2.cfg]
!RANCID-CONTENT-TYPE: cisco
!
hostname R2
!
interface loopback 0
 ip address 22.22.22.22 255.255.255.255
 no shutdown
!
!
end
[/configs/router2.cfg]",1.0,2,2,VERIFIED,,2,0,0,0
Qwen2.5-7B-Instruct,"[configs/switch1.cfg]
!RANCID-CONTENT-TYPE: cisco
!
hostname SW1
!
spanning-tree mode rapid-pvst
spanning-tree vlan 10 root primary
!
end
[/configs/switch1.cfg]

[configs/switch2.cfg]
!RANCID-CONTENT-TYPE: cisco
!
hostname SW2
!
spanning-tree mode rapid-pvst
spanning-tree vlan 30 root primary
!
end
[/configs/switch2.cfg]",1.0,2,2,VERIFIED,,2,0,0,0
Qwen2.5-7B-Instruct,"[configs/switch1.cfg]
!RANCID-CONTENT-TYPE: cisco
!
hostname SW1
!
interface FastEthernet0/24
 switchport mode trunk
 switchport trunk allowed vlan 10,20
 switchport trunk native vlan 10
!
!
end
[/configs/switch1.cfg]

[configs/switch2.cfg]
!RANCID-CONTENT-TYPE: cisco
!
hostname SW2
!
interface FastEthernet0/24
 switchport mode trunk
 switchport trunk allowed vlan 30,40
 switchport trunk native vlan 30
!
!
end
[/configs/switch2.cfg]",1.0,2,2,VERIFIED,,2,0,0,0
Qwen2.5-7B-Instruct,"[configs/switch1.cfg]
!RANCID-CONTENT-TYPE: cisco
!
hostname SW1
!
interface Vlan10
 ip address 10.0.1.2 255.255.255.0
 no shutdown
!
!
end
[/configs/switch1.cfg]

[configs/switch2.cfg]
!RANCID-CONTENT-TYPE: cisco
!
hostname SW2
!
interface Vlan30
 ip address 10.0.2.2 255.255.255.0
 no shutdown
!
!
end
[/configs/switch2.cfg]",1.0,2,2,VERIFIED,,2,0,0,0
Qwen2.5-7B-Instruct,"[configs/switch1.cfg]
!RANCID-CONTENT-TYPE: cisco
!
hostname SW1
!
interface FastEthernet0/1
 switchport port-security
 switchport port-security mac-address sticky
 switchport port-security maximum 1
 switchport port-security violation shutdown
!
!
end
[/configs/switch1.cfg]

[configs/switch2.cfg]
!RANCID-CONTENT-TYPE: cisco
!
hostname SW2
!
interface FastEthernet0/1
 switchport port-security
 switchport port-security mac-address sticky
 switchport port-security maximum 1
 switchport port-security violation shutdown
!
!
end
[/configs/switch2.cfg]",1.0,2,2,VERIFIED,,2,0,0,0
Qwen2.5-7B-Instruct,"[configs/router1.cfg]
!RANCID-CONTENT-TYPE: cisco
!
hostname R1
!
ip dhcp pool VLAN10
 network 10.0.1.0 255.255.255.0
 excluded-address 10.0.1.1 10.0.1.10
 default-router 10.0.1.1
 dns-server 10.0.1.1
!
!
end
[/configs/router1.cfg]

[configs/router3.cfg]
!RANCID-CONTENT-TYPE: cisco
!
hostname R3
!
ip dhcp pool VLAN30
 network 10.0.2.0 255.255.255.0
 excluded-address 10.0.2.1 10.0.2.10
 default-router 10.0.2.1
 dns-server 10.0.2.1
!
!
end
[/configs/router3.cfg]",0.5,2,2,VERIFIED,,0,2,0,0
Qwen2.5-7B-Instruct,"[configs/switch1.cfg]
!RANCID-CONTENT-TYPE: cisco
!
hostname SW1
!
interface FastEthernet0/1
 spanning-tree portfast
!
!
end
[/configs/switch1.cfg]

[configs/switch2.cfg]
!RANCID-CONTENT-TYPE: cisco
!
hostname SW2
!
interface FastEthernet0/1
 spanning-tree portfast
!
!
end
[/configs/switch2.cfg]",1.0,2,2,VERIFIED,,2,0,0,0
Qwen2.5-7B-Instruct,"[configs/switch1.cfg]
!RANCID-CONTENT-TYPE: cisco
!
hostname SW1
!
vlan 20
!
interface FastEthernet0/24
 switchport mode trunk
 switchport trunk allowed vlan add 20
!
!
end
[/configs/switch1.cfg]

[configs/switch2.cfg]
!RANCID-CONTENT-TYPE: cisco
!
hostname SW2
!
vlan 40
!
interface FastEthernet0/24
 switchport mode trunk
 switchport trunk allowed vlan add 40
!
!
end
[/configs/switch2.cfg]",1.0,2,2,VERIFIED,,2,0,0,0
Qwen2.5-7B-Instruct,"[configs/router1.cfg]
!RANCID-CONTENT-TYPE: cisco
!
hostname R1
!
interface Ethernet0/1
 ip address 10.0.12.1 255.255.255.0
 no shutdown
!
!
end
[/configs/router1.cfg]

[configs/router2.cfg]
!RANCID-CONTENT-TYPE: cisco
!
hostname R2
!
interface Ethernet0/0
 ip address 10.0.12.2 255.255.255.0
 no shutdown
!
!
end
[/configs/router2.cfg]",1.0,2,2,VERIFIED,,2,0,0,0
Qwen2.5-7B-Instruct,"[configs/router2.cfg]
!RANCID-CONTENT-TYPE: cisco
!
hostname R2
!
interface Ethernet0/1
 ip address 10.0.23.1 255.255.255.0
 no shutdown
!
!
end
[/configs/router2.cfg]

[configs/router3.cfg]
!RANCID-CONTENT-TYPE: cisco
!
hostname R3
!
interface Ethernet0/0
 ip address 10.0.23.2 255.255.255.0
 no shutdown
!
!
end
[/configs/router3.cfg]",1.0,2,2,VERIFIED,,2,0,0,0
Qwen2.5-7B-Instruct,"[configs/router1.cfg]
!RANCID-CONTENT-TYPE: cisco
!
hostname R1
!
interface Ethernet0/1
 ip address 10.0.12.1 255.255.255.0
 no shutdown
!
!
end
[/configs/router1.cfg]

[configs/router2.cfg]
!RANCID-CONTENT-TYPE: cisco
!
hostname R2
!
interface Ethernet0/0
 ip address 10.0.12.2 255.255.255.0
 no shutdown
!
interface Ethernet0/1
 ip address 10.0.23.1 255.255.255.0
 no shutdown
!
interface Ethernet0/2
 ip address 10.0.24.1 255.255.255.0
 no shutdown
!
!
end
[/configs/router2.cfg]

[configs/router4.cfg]
!RANCID-CONTENT-TYPE: cisco
!
hostname R4
!
configure
!
end
[/configs/router4.cfg]",1.0,3,3,VERIFIED,,3,0,0,0
Qwen2.5-7B-Instruct,"[configs/router-r1.cfg]
!RANCID-CONTENT-TYPE: cisco
!
hostname Router-R1
!
hostname Router-R1
enable secret sec1
!
end
[/configs/router-r1.cfg]

[configs/router-r2.cfg]
!RANCID-CONTENT-TYPE: cisco
!
hostname Router-R2
!
hostname Router-R2
enable secret sec2
!
end
[/configs/router-r2.cfg]

[configs/router-r3.cfg]
!RANCID-CONTENT-TYPE: cisco
!
hostname Router-R3
!
hostname Router-R3
enable secret sec3
!
end
[/configs/router-r3.cfg]

[configs/router-r4.cfg]
!RANCID-CONTENT-TYPE: cisco
!
hostname Router-R4
!
hostname Router-R4
enable secret sec4
!
end
[/configs/router-r4.cfg]",0.5,4,4,VERIFIED,,0,4,0,0
Qwen2.5-7B-Instruct,"[configs/router1.cfg]
!RANCID-CONTENT-TYPE: cisco
!
hostname R1
!
ntp server 10.0.1.1
clock timezone UTC 0
!
end
[/configs/router1.cfg]

[configs/router2.cfg]
!RANCID-CONTENT-TYPE: cisco
!
hostname R2
!
ntp server 10.0.1.1
clock timezone UTC 0
!
end
[/configs/router2.cfg]

[configs/router3.cfg]
!RANCID-CONTENT-TYPE: cisco
!
hostname R3
!
ntp server 10.0.1.1
clock timezone UTC 0
!
end
[/configs/router3.cfg]

[configs/router4.cfg]
!RANCID-CONTENT-TYPE: cisco
!
hostname R4
!
ntp server 10.0.1.1
clock timezone UTC 0
!
end
[/configs/router4.cfg]",1.0,4,4,VERIFIED,,4,0,0,0
Qwen2.5-7B-Instruct,"[configs/router1.cfg]
!RANCID-CONTENT-TYPE: cisco
!
hostname R1
!
ip arp 10.0.1.10 0050.7966.6800 fast
!
end
[/configs/router1.cfg]

[configs/router3.cfg]
!RANCID-CONTENT-TYPE: cisco
!
hostname R3
!
ip arp 10.0.2.10 0050.7966.6801 fast
!
end
[/configs/router3.cfg]",1.0,2,2,VERIFIED,,2,0,0,0
Qwen2.5-7B-Instruct,"[configs/router2.cfg]
!RANCID-CONTENT-TYPE: cisco
!
hostname R2
!
interface Ethernet0/0
 no ip address dhcp
!
!
end
[/configs/router2.cfg]

[configs/router4.cfg]
!RANCID-CONTENT-TYPE: cisco
!
hostname R4
!
interface Ethernet0/0
 no ip address dhcp
!
!
end
[/configs/router4.cfg]",0.5,2,2,VERIFIED,,0,2,0,0
Qwen2.5-7B-Instruct,None,0.0,0,0,NO_VALID_CONFIG_BLOCKS,,0,0,0,0
Qwen2.5-7B-Instruct,"[configs/router1.cfg]
!RANCID-CONTENT-TYPE: cisco
!
hostname R1
!
router ospf 1
 network 10.0.12.0 0.0.0.255 area 0
 ip ospf authentication
 ip ospf authentication-key md5pass
!
!
end
[/configs/router1.cfg]

[configs/router2.cfg]
!RANCID-CONTENT-TYPE: cisco
!
hostname R2
!
router ospf 1
 network 10.0.12.0 0.0.0.255 area 0
 ip ospf authentication
 ip ospf authentication-key md5pass
!
!
end
[/configs/router2.cfg]",0.5,2,2,VERIFIED,,0,2,0,0
Qwen2.5-7B-Instruct,"[configs/switch1.cfg]
!RANCID-CONTENT-TYPE: cisco
!
hostname SW1
!
interface FastEthernet0/1
 storm-control broadcast level pps 15
!
!
end
[/configs/switch1.cfg]

[configs/switch2.cfg]
!RANCID-CONTENT-TYPE: cisco
!
hostname SW2
!
interface FastEthernet0/1
 storm-control broadcast level pps 15
!
!
end
[/configs/switch2.cfg]",1.0,2,2,VERIFIED,,2,0,0,0
Qwen2.5-7B-Instruct,"[configs/router1.cfg]
!RANCID-CONTENT-TYPE: cisco
!
hostname R1
!
interface Ethernet0/0
 ip arp timeout 120
!
!
end
[/configs/router1.cfg]",1.0,1,1,VERIFIED,,1,0,0,0
Qwen2.5-7B-Instruct,"[configs/router2.cfg]
!RANCID-CONTENT-TYPE: cisco
!
hostname R2
!
router ospf 1
 network 10.0.12.0 0.0.0.255 area 0
!
interface Ethernet0/0
 no shutdown
 ip ospf enable
!
interface Ethernet0/1
 shutdown
!
interface Ethernet0/2
 shutdown
!
!
end
[/configs/router2.cfg]",0.5,1,1,VERIFIED,,0,1,0,0
Qwen2.5-7B-Instruct,"[configs/router4.cfg]
!RANCID-CONTENT-TYPE: cisco
!
hostname R4
!
ip arp 10.0.14.1 0050.7966.6802 fast-install
!
end
[/configs/router4.cfg]",1.0,1,1,VERIFIED,,1,0,0,0
Qwen2.5-7B-Instruct,None,0.0,0,0,NO_VALID_CONFIG_BLOCKS,,0,0,0,0
Qwen2.5-7B-Instruct,"[configs/router3.cfg]
!RANCID-CONTENT-TYPE: cisco
!
hostname R3
!
interface Ethernet0/1
 ip address 10.0.34.3 255.255.255.0
 no shutdown
!
!
end
[/configs/router3.cfg]

[configs/router4.cfg]
!RANCID-CONTENT-TYPE: cisco
!
hostname R4
!
interface Ethernet0/2
 ip address 10.0.34.4 255.255.255.0
 no shutdown
!
!
end
[/configs/router4.cfg]",1.0,2,2,VERIFIED,,2,0,0,0
Gemma-2-9B-it,"[configs/router1.cfg]
!RANCID-CONTENT-TYPE: cisco
!
hostname R1
!
interface Ethernet0/2
 ip address 10.0.14.1 255.255.255.0
 no shutdown
!
!
end
[/configs/router1.cfg]",1.0,1,1,VERIFIED,,1,0,0,0
Gemma-2-9B-it,"[configs/router2.cfg]
!RANCID-CONTENT-TYPE: cisco
!
hostname R2
!
interface Ethernet0/1
 mtu 1500
!
!
end
[/configs/router2.cfg]",1.0,1,1,VERIFIED,,1,0,0,0
Gemma-2-9B-it,"[configs/router3.cfg]
!RANCID-CONTENT-TYPE: cisco
!
hostname R3
!
interface Loopback1
 ip address 33.33.33.33 255.33.33.33
 no shutdown
!
!
end
[/configs/router3.cfg]",1.0,1,1,VERIFIED,,1,0,0,0
Gemma-2-9B-it,"[configs/router1.cfg]
!RANCID-CONTENT-TYPE: cisco
!
hostname R1
!
interface Ethernet0/2
 no shutdown
!
!
end
[/configs/router1.cfg]",1.0,1,1,VERIFIED,,1,0,0,0
Gemma-2-9B-it,"[configs/router2.cfg]
!RANCID-CONTENT-TYPE: cisco
!
hostname R2
!
interface Ethernet0/2
 shutdown
!
!
end
[/configs/router2.cfg]",1.0,1,1,VERIFIED,,1,0,0,0
Gemma-2-9B-it,"[configs/router2.cfg]
!RANCID-CONTENT-TYPE: cisco
!
hostname R2
!
interface Ethernet0/1
 description Link to R3
!
!
end
[/configs/router2.cfg]",1.0,1,1,VERIFIED,,1,0,0,0
Gemma-2-9B-it,"[configs/router3.cfg]
!RANCID-CONTENT-TYPE: cisco
!
hostname R3
!
interface Ethernet0/1
 bandwidth 1500
!
!
end
[/configs/router3.cfg]",1.0,1,1,VERIFIED,,1,0,0,0
Gemma-2-9B-it,"[configs/router3.cfg]
!RANCID-CONTENT-TYPE: cisco
!
hostname R3
!
interface Ethernet0/2
 no proxy-arp
!
!
end
[/configs/router3.cfg]",0.5,1,1,VERIFIED,,0,1,0,0
Gemma-2-9B-it,"[configs/router4.cfg]
!RANCID-CONTENT-TYPE: cisco
!
hostname R4
!
interface Ethernet0/1
 arp timeout 600
!
!
end
[/configs/router4.cfg]",1.0,1,1,VERIFIED,,1,0,0,0
Gemma-2-9B-it,"[configs/router4.cfg]
!RANCID-CONTENT-TYPE: cisco
!
hostname R4
!
interface Loopback0
 ip address 44.44.44.44 255.255.255.255
 no shutdown
!
!
end
[/configs/router4.cfg]",1.0,1,1,VERIFIED,,1,0,0,0
Gemma-2-9B-it,"[configs/router3.cfg]
!RANCID-CONTENT-TYPE: cisco
!
hostname R3
!
ip route 10.0.1.0 255.255.255.0 10.0.12.2
!
end
[/configs/router3.cfg]",1.0,1,1,VERIFIED,,1,0,0,0
Gemma-2-9B-it,"[configs/router4.cfg]
!RANCID-CONTENT-TYPE: cisco
!
hostname R4
!
ip route 0.0.0.0 0.0.0.0 10.0.1.1
!
end
[/configs/router4.cfg]",1.0,1,1,VERIFIED,,1,0,0,0
Gemma-2-9B-it,"[configs/router2.cfg]
!RANCID-CONTENT-TYPE: cisco
!
hostname R2
!
ip route 10.0.1.0 255.255.255.0 10.0.12.1
!
end
[/configs/router2.cfg]",1.0,1,1,VERIFIED,,1,0,0,0
Gemma-2-9B-it,"[configs/router2.cfg]
!RANCID-CONTENT-TYPE: cisco
!
hostname R2
!
router ospf 2
 network 10.0.12.0 0.0.0.255 area 0
 network 10.0.23.0 0.0.0.255 area 0
 network 10.0.24.0 0.0.0.255 area 0
!
!
end
[/configs/router2.cfg]",1.0,1,1,VERIFIED,,1,0,0,0
Gemma-2-9B-it,"[configs/router3.cfg]
!RANCID-CONTENT-TYPE: cisco
!
hostname R3
!
router ospf 1
 router-id 3.3.3.3
!
!
end
[/configs/router3.cfg]",1.0,1,1,VERIFIED,,1,0,0,0
Gemma-2-9B-it,"[configs/router2.cfg]
!RANCID-CONTENT-TYPE: cisco
!
hostname R2
!
interface Ethernet0/2
 ip ospf cost 50
!
!
end
[/configs/router2.cfg]",1.0,1,1,VERIFIED,,1,0,0,0
Gemma-2-9B-it,"[configs/router4.cfg]
!RANCID-CONTENT-TYPE: cisco
!
hostname R4
!
router ospf 1
 network 10.0.14.0 0.0.0.255 area 0
 network 10.0.24.0 0.0.0.255 area 0
 network 10.0.34.0 0.0.0.255 area 0
 passive
!
!
end
[/configs/router4.cfg]",0.5,1,1,VERIFIED,,0,1,0,0
Gemma-2-9B-it,"[configs/router4.cfg]
!RANCID-CONTENT-TYPE: cisco
!
hostname R4
!
no ip route 0.0.0.0 0.0.0.0 10.0.14.1
!
end
[/configs/router4.cfg]",0.5,1,1,VERIFIED,,0,1,0,0
Gemma-2-9B-it,"[configs/router3.cfg]
!RANCID-CONTENT-TYPE: cisco
!
hostname R3
!
interface Ethernet0/1
 ip ospf hello-interval 10
!
!
end
[/configs/router3.cfg]",1.0,1,1,VERIFIED,,1,0,0,0
Gemma-2-9B-it,"[configs/router1.cfg]
!RANCID-CONTENT-TYPE: cisco
!
hostname R1
!
interface Ethernet0/2
 ip ospf authentication
 ip ospf authentication-key netpass
!
!
end
[/configs/router1.cfg]",1.0,1,1,VERIFIED,,1,0,0,0
Gemma-2-9B-it,"[configs/router1.cfg]
!RANCID-CONTENT-TYPE: cisco
!
hostname R1
!
ip access-list extended DENY_TELNET
 deny tcp 10.0.1.0 0.0.0.255 any eq 23
 permit ip any any
!
interface Ethernet0/0
 access-list DENY_TELNET
!
!
end
[/configs/router1.cfg]",0.5,1,1,VERIFIED,,0,1,0,0
Gemma-2-9B-it,"[configs/router1.cfg]
!RANCID-CONTENT-TYPE: cisco
!
hostname R1
!
ip access-list extended DENY_TELNET
 deny tcp 10.0.1.0 0.0.0.255 any eq 23
 permit ip any any
!
interface Ethernet0/0
 ip access-group DENY_TELNET in
!
!
end
[/configs/router1.cfg]",1.0,1,1,VERIFIED,,1,0,0,0
Gemma-2-9B-it,"[configs/router3.cfg]
!RANCID-CONTENT-TYPE: cisco
!
hostname R3
!
ip access-list standard PERMIT_10_0_2_0
 permit 10.0.2.0 0.0.255.255.255
!
interface Ethernet0/0
 ip access-group PERMIT_10_0_2_0 in
!
!
end
[/configs/router3.cfg]",0.5,1,1,VERIFIED,,0,1,0,0
Gemma-2-9B-it,"[configs/router4.cfg]
!RANCID-CONTENT-TYPE: cisco
!
hostname R4
!
ip access-list extended DENY_ICMP
 deny icmp any 10.0.14.0 0.0.0.255
 permit ip any any
!
interface Ethernet0/0
 ip access-group DENY_ICMP in
!
interface Ethernet0/1
 ip access-group DENY_ICMP in
!
interface Ethernet0/2
 ip access-group DENY_ICMP in
!
!
end
[/configs/router4.cfg]",1.0,1,1,VERIFIED,,1,0,0,0
Gemma-2-9B-it,"[configs/router3.cfg]
!RANCID-CONTENT-TYPE: cisco
!
hostname R3
!
ip domain-name lab.local
!
end
[/configs/router3.cfg]",1.0,1,1,VERIFIED,,1,0,0,0
Gemma-2-9B-it,"[configs/router4.cfg]
!RANCID-CONTENT-TYPE: cisco
!
hostname R4
!
line vty 0 15
 password cisco
 login
!
!
end
[/configs/router4.cfg]",1.0,1,1,VERIFIED,,1,0,0,0
Gemma-2-9B-it,"[configs/router1.cfg]
!RANCID-CONTENT-TYPE: cisco
!
hostname R1
!
enable secret Cisco
!
end
[/configs/router1.cfg]",0.5,1,1,VERIFIED,,0,1,0,0
Gemma-2-9B-it,"[configs/router2.cfg]
!RANCID-CONTENT-TYPE: cisco
!
hostname R2
!
line console 0
 password cisco
 login
!
!
end
[/configs/router2.cfg]",1.0,1,1,VERIFIED,,1,0,0,0
Gemma-2-9B-it,"[configs/router3.cfg]
!RANCID-CONTENT-TYPE: cisco
!
hostname R3
!
aaa new-model
!
end
[/configs/router3.cfg]",1.0,1,1,VERIFIED,,1,0,0,0
Gemma-2-9B-it,"[configs/router1.cfg]
!RANCID-CONTENT-TYPE: cisco
!
hostname R1
!
snmp-server community private RO
snmp-server community private RW
!
end
[/configs/router1.cfg]",1.0,1,1,VERIFIED,,1,0,0,0
Gemma-2-9B-it,"[configs/switch2.cfg]
!RANCID-CONTENT-TYPE: cisco
!
hostname SW2
!
vlan 20
!
interface Fa0/24
 switchport mode trunk
 switchport trunk allowed vlan 20
!
!
end
[/configs/switch2.cfg]",1.0,1,1,VERIFIED,,1,0,0,0
Gemma-2-9B-it,"[configs/switch1.cfg]
!RANCID-CONTENT-TYPE: cisco
!
hostname SW1
!
interface Fa0/1
 switchport mode access
 switchport access vlan 10
 spanning-tree portfast
 spanning-tree bpduguard enable
!
!
end
[/configs/switch1.cfg]",1.0,1,1,VERIFIED,,1,0,0,0
Gemma-2-9B-it,"[configs/switch2.cfg]
!RANCID-CONTENT-TYPE: cisco
!
hostname SW2
!
interface Fa0/24
 switchport mode trunk
 switchport trunk allowed vlan add 40
!
spanning-tree vlan 40
!
end
[/configs/switch2.cfg]",1.0,1,1,VERIFIED,,1,0,0,0
Gemma-2-9B-it,"[configs/switch1.cfg]
!RANCID-CONTENT-TYPE: cisco
!
hostname SW1
!
interface Fa0/24
 switchport mode trunk
 switchport trunk native vlan 20
!
!
end
[/configs/switch1.cfg]",1.0,1,1,VERIFIED,,1,0,0,0
Gemma-2-9B-it,"[configs/switch2.cfg]
!RANCID-CONTENT-TYPE: cisco
!
hostname SW2
!
interface vlan 40
 ip address 10.0.4.1 255.255.255.0
 no shutdown
!
!
end
[/configs/switch2.cfg]",1.0,1,1,VERIFIED,,1,0,0,0
Gemma-2-9B-it,"[configs/switch2.cfg]
!RANCID-CONTENT-TYPE: cisco
!
hostname SW2
!
interface Fa0/1
 storm-control broadcast 10
!
!
end
[/configs/switch2.cfg]",1.0,1,1,VERIFIED,,1,0,0,0
Gemma-2-9B-it,"[configs/switch1.cfg]
!RANCID-CONTENT-TYPE: cisco
!
hostname SW1
!
vlan 20
!
interface Fa0/24
 switchport mode trunk
 switchport trunk allowed vlan 10,20
!
!
end
[/configs/switch1.cfg]",1.0,1,1,VERIFIED,,1,0,0,0
Gemma-2-9B-it,"[configs/switch2.cfg]
!RANCID-CONTENT-TYPE: cisco
!
hostname SW2
!
interface Fa0/1
 switchport port-security maximum 2
 switchport port-security mac-address add 00:00:00:00:00:02
!
!
end
[/configs/switch2.cfg]",1.0,1,1,VERIFIED,,1,0,0,0
Gemma-2-9B-it,"[configs/router4.cfg]
!RANCID-CONTENT-TYPE: cisco
!
hostname R4
!
ip dhcp pool DHCP_POOL
 network 10.0.14.0 255.255.255.0
 default-router 10.0.14.2
 dns-server 8.8.8.8
 dns-server 8.8.4.4
!
interface Ethernet0/2
 ip dhcp server
 no shutdown
!
!
end
[/configs/router4.cfg]",0.5,1,1,VERIFIED,,0,1,0,0
Gemma-2-9B-it,"[configs/router3.cfg]
!RANCID-CONTENT-TYPE: cisco
!
hostname R3
!
ip dhcp pool R3_POOL
 network 10.0.2.0 255.255.255.0
 exclude 10.0.2.1 10.0.2.5
 default-router 10.0.2.1
!
!
end
[/configs/router3.cfg]",0.5,1,1,VERIFIED,,0,1,0,0
Gemma-2-9B-it,"[configs/router3.cfg]
!RANCID-CONTENT-TYPE: cisco
!
hostname R3
!
ip clock source ntp
ntp server 10.0.23.2
!
end
[/configs/router3.cfg]",0.5,1,1,VERIFIED,,0,1,0,0
Gemma-2-9B-it,"[configs/router2.cfg]
!RANCID-CONTENT-TYPE: cisco
!
hostname R2
!
logging informational
!
end
[/configs/router2.cfg]",0.5,1,1,VERIFIED,,0,1,0,0
Gemma-2-9B-it,"[configs/router4.cfg]
!RANCID-CONTENT-TYPE: cisco
!
hostname R4
!
interface Ethernet0/2
 cdp enable
!
!
end
[/configs/router4.cfg]",1.0,1,1,VERIFIED,,1,0,0,0
Gemma-2-9B-it,"[configs/router3.cfg]
!RANCID-CONTENT-TYPE: cisco
!
hostname R3
!
hostname Edge-R3
!
end
[/configs/router3.cfg]",1.0,1,1,VERIFIED,,1,0,0,0
Gemma-2-9B-it,None,0.0,0,0,NO_VALID_CONFIG_BLOCKS,,0,0,0,0
Gemma-2-9B-it,"[configs/router1.cfg]
!RANCID-CONTENT-TYPE: cisco
!
hostname R1
!
router ospf 1
 router-id 10.0.1.1
 network 10.0.14.0 0.0.0.255 area 0
 network 10.0.12.0 0.0.0.255 area 0
 passive interface Ethernet0/0
!
!
end
[/configs/router1.cfg]

[configs/router2.cfg]
!RANCID-CONTENT-TYPE: cisco
!
hostname R2
!
router ospf 1
 router-id 10.0.12.2
 network 10.0.12.0 0.0.0.255 area 0
 network 10.0.23.0 0.0.0.255 area 0
 network 10.0.24.0 0.0.0.255 area
!
!
end
[/configs/router2.cfg]",0.5,2,2,VERIFIED,,0,2,0,0
Gemma-2-9B-it,"[configs/router1.cfg]
!RANCID-CONTENT-TYPE: cisco
!
hostname R1
!
interface Ethernet0/1
 ip ospf authentication
 ip ospf authentication-key ospfkey
!
!
end
[/configs/router1.cfg]

[configs/router2.cfg]
!RANCID-CONTENT-TYPE: cisco
!
hostname R2
!
interface Ethernet0/0
 ip ospf authentication
 ip ospf authentication-key ospfkey
!
!
end
[/configs/router2.cfg]",1.0,2,2,VERIFIED,,2,0,0,0
Gemma-2-9B-it,"[configs/router3.cfg]
!RANCID-CONTENT-TYPE: cisco
!
hostname R3
!
interface Ethernet0/1
 ip ospf hello-interval 5
 ip ospf dead-interval 20
!
!
end
[/configs/router3.cfg]

[configs/router4.cfg]
!RANCID-CONTENT-TYPE: cisco
!
hostname R4
!
interface Ethernet0/2
 ip ospf hello-interval 5
 ip ospf dead-interval 20
!
!
end
[/configs/router4.cfg]",1.0,2,2,VERIFIED,,2,0,0,0
Gemma-2-9B-it,"[configs/router1.cfg]
!RANCID-CONTENT-TYPE: cisco
!
hostname R1
!
interface Loopback0
 ip address 10.0.1.1 255.255.255.255
 no shutdown
!
!
end
[/configs/router1.cfg]

[configs/router2.cfg]
!RANCID-CONTENT-TYPE: cisco
!
hostname R2
!
interface Loopback0
 ip address 10.0.12.2 255.255.255.255
 no shutdown
!
!
end
[/configs/router2.cfg]

[configs/router3.cfg]
!RANCID-CONTENT-TYPE: cisco
!
hostname R3
!
interface Loopback0
 ip address 10.0.23.2 255.255.255.255
 no shutdown
!
!
end
[/configs/router3.cfg]

[configs/router4.cfg]
!RANCID-CONTENT-TYPE: cisco
!
hostname R4
!
interface Loopback0
 ip address 10.0.14.2 255.255.
!
!
end
[/configs/router4.cfg]",0.875,4,4,VERIFIED,,3,1,0,0
Gemma-2-9B-it,"[configs/router2.cfg]
!RANCID-CONTENT-TYPE: cisco
!
hostname R2
!
interface Ethernet0/2
 ip ospf cost 200
!
!
end
[/configs/router2.cfg]

[configs/router4.cfg]
!RANCID-CONTENT-TYPE: cisco
!
hostname R4
!
interface Ethernet0/1
 ip ospf cost 200
!
!
end
[/configs/router4.cfg]",1.0,2,2,VERIFIED,,2,0,0,0
Gemma-2-9B-it,"[configs/router1.cfg]
!RANCID-CONTENT-TYPE: cisco
!
hostname R1
!
interface Ethernet0/0
 ip ospf 1 passive
!
!
end
[/configs/router1.cfg]

[configs/router3.cfg]
!RANCID-CONTENT-TYPE: cisco
!
hostname R3
!
interface Ethernet0/2
 ip ospf 1 passive
!
!
end
[/configs/router3.cfg]",0.5,2,2,VERIFIED,,0,2,0,0
Gemma-2-9B-it,"[configs/router2.cfg]
!RANCID-CONTENT-TYPE: cisco
!
hostname R2
!
no ip ospf 1
!
end
[/configs/router2.cfg]

[configs/router4.cfg]
!RANCID-CONTENT-TYPE: cisco
!
hostname R4
!
no ip ospf 1
!
end
[/configs/router4.cfg]",0.5,2,2,VERIFIED,,0,2,0,0
Gemma-2-9B-it,"[configs/router1.cfg]
!RANCID-CONTENT-TYPE: cisco
!
hostname R1
!
ip route 10.0.2.0 255.255.255.0 10.0.12.2
!
end
[/configs/router1.cfg]

[configs/router3.cfg]
!RANCID-CONTENT-TYPE: cisco
!
hostname R3
!
ip route 10.0.1.0 255.255.255.0 10.0.23.1
!
end
[/configs/router3.cfg]",1.0,2,2,VERIFIED,,2,0,0,0
Gemma-2-9B-it,"[configs/router2.cfg]
!RANCID-CONTENT-TYPE: cisco
!
hostname R2
!
ip route 0.0.0.0 0.0.0.0 10.0.1.1
!
end
[/configs/router2.cfg]

[configs/router4.cfg]
!RANCID-CONTENT-TYPE: cisco
!
hostname R4
!
ip route 0.0.0.0 0.0.0.0 10.0.1.1
!
end
[/configs/router4.cfg]",1.0,2,2,VERIFIED,,2,0,0,0
Gemma-2-9B-it,"[configs/router2.cfg]
!RANCID-CONTENT-TYPE: cisco
!
hostname R2
!
ip route 10.0.14.0 255.255.255.0 10.0.24.2
!
end
[/configs/router2.cfg]

[configs/router3.cfg]
!RANCID-CONTENT-TYPE: cisco
!
hostname R3
!
ip route 10.0.14.0 255.255.255.0 10.0.34.2
!
end
[/configs/router3.cfg]",1.0,2,2,VERIFIED,,2,0,0,0
Gemma-2-9B-it,"[configs/router1.cfg]
!RANCID-CONTENT-TYPE: cisco
!
hostname R1
!
ip route 10.0.23.0 255.255.255.0 10.0.12.2
!
end
[/configs/router1.cfg]

[configs/router4.cfg]
!RANCID-CONTENT-TYPE: cisco
!
hostname R4
!
ip route 10.0.23.0 255.255.255.0 10.0.12.2
!
end
[/configs/router4.cfg]",1.0,2,2,VERIFIED,,2,0,0,0
Gemma-2-9B-it,"[configs/router3.cfg]
!RANCID-CONTENT-TYPE: cisco
!
hostname R3
!
no ip route 10.0.1.0 255.255.255.0 10.0.23.1
!
end
[/configs/router3.cfg]

[configs/router4.cfg]
!RANCID-CONTENT-TYPE: cisco
!
hostname R4
!
no ip route 10.0.1.0 255.255.255.0 10.0.24.1
!
end
[/configs/router4.cfg]",0.5,2,2,VERIFIED,,0,2,0,0
Gemma-2-9B-it,"[configs/router1.cfg]
!RANCID-CONTENT-TYPE: cisco
!
hostname R1
!
ip route 10.0.34.0 255.255.255.0 10.0.14.2
!
end
[/configs/router1.cfg]

[configs/router2.cfg]
!RANCID-CONTENT-TYPE: cisco
!
hostname R2
!
ip route 10.0.34.0 255.255.255.0 10.0.24.2
!
end
[/configs/router2.cfg]",1.0,2,2,VERIFIED,,2,0,0,0
Gemma-2-9B-it,"[configs/router1.cfg]
!RANCID-CONTENT-TYPE: cisco
!
hostname R1
!
interface Ethernet0/0
 ip nat inside
 no shutdown
!
interface Ethernet0/1
 ip nat outside
 no shutdown
!
!
end
[/configs/router1.cfg]",1.0,1,1,VERIFIED,,1,0,0,0
Gemma-2-9B-it,"[configs/router3.cfg]
!RANCID-CONTENT-TYPE: cisco
!
hostname R3
!
interface Ethernet0/2
 ip address 10.0.2.1 255.255.255.0
 no shutdown
!
interface Ethernet0/0
 ip address 10.0.34.1 255.255.255.0
 no shutdown
!
ip nat inside source list 1 interface Ethernet0/2
ip nat outside interface Ethernet0/0
ip nat pool NAT_POOL
network 10.0.2.0 mask 255.255.255.0
pool-limit 100
ip nat rule 1
!
end
[/configs/router3.cfg]",0.5,1,1,VERIFIED,,0,1,0,0
Gemma-2-9B-it,"[configs/router2.cfg]
!RANCID-CONTENT-TYPE: cisco
!
hostname R2
!
ip access-list extended DENY_TELNET
 deny tcp 10.0.12.0 0.0.0.255 10.0.23.0 0.0.0.255 eq 23
 permit ip any any
!
interface Ethernet0/0
 access-list DENY_TELNET in
!
!
end
[/configs/router2.cfg]",0.5,1,1,VERIFIED,,0,1,0,0
Gemma-2-9B-it,"[configs/router1.cfg]
!RANCID-CONTENT-TYPE: cisco
!
hostname R1
!
ip access-list standard 10
 permit tcp 10.0.12.0 0.0.0.255 eq 22
 deny ip any any
!
interface Ethernet0/1
 access-list 10 in
!
!
end
[/configs/router1.cfg]

[configs/router3.cfg]
!RANCID-CONTENT-TYPE: cisco
!
hostname R3
!
ip access-list standard 10
 permit tcp 10.0.12.0 0.0.0.255 eq 22
 deny ip any any
!
interface Ethernet0/0
 access-list 10 in
!
!
end
[/configs/router3.cfg]",0.5,2,2,VERIFIED,,0,2,0,0
Gemma-2-9B-it,"[configs/router1.cfg]
!RANCID-CONTENT-TYPE: cisco
!
hostname R1
!
ip nat inside source list 10
interface Ethernet0/0
 ip nat inside source list 10 interface Ethernet0/0
!
ip access-list extended 10
 permit ip 10.0.1.10 0.0.0.0
!
ip nat inside rule 10
!
end
[/configs/router1.cfg]

[configs/router3.cfg]
!RANCID-CONTENT-TYPE: cisco
!
hostname R3
!
ip nat inside source list 20
interface Ethernet0/2
 ip nat inside source list 20 interface Ethernet0/2
!
!
end
[/configs/router3.cfg]",0.5,2,2,VERIFIED,,0,2,0,0
Gemma-2-9B-it,"[configs/router4.cfg]
!RANCID-CONTENT-TYPE: cisco
!
hostname R4
!
ip access-list extended PERMIT_HTTP_HTTPS
 permit tcp 10.0.14.0 0.0.0.255 any eq 80
 permit tcp 10.0.14.0 0.0.0.255 any eq 443
!
interface Ethernet0/2
 ip access-list outbound PERMIT_HTTP_HTTPS
 no shutdown
!
!
end
[/configs/router4.cfg]",0.5,1,1,VERIFIED,,0,1,0,0
Gemma-2-9B-it,"[configs/router3.cfg]
!RANCID-CONTENT-TYPE: cisco
!
hostname R3
!
ip access-list standard PERMIT_LAN2
 permit 10.0.2.0 0.0.255.255.255
!
interface Ethernet0/2
 ip access-group PERMIT_LAN2 in
 no ip access-group PERMIT_LAN2 out
!
!
end
[/configs/router3.cfg]",0.5,1,1,VERIFIED,,0,1,0,0
Gemma-2-9B-it,"[configs/router1.cfg]
!RANCID-CONTENT-TYPE: cisco
!
hostname R1
!
ip domain-name corp.net
crypto ssh version 2
!
end
[/configs/router1.cfg]

[configs/router3.cfg]
!RANCID-CONTENT-TYPE: cisco
!
hostname R3
!
ip domain-name corp.net
crypto ssh version 2
!
end
[/configs/router3.cfg]",0.5,2,2,VERIFIED,,0,2,0,0
Gemma-2-9B-it,"[configs/router2.cfg]
!RANCID-CONTENT-TYPE: cisco
!
hostname R2
!
line vty 0 15
 transport input ssh
 login local
!
!
end
[/configs/router2.cfg]

[configs/router4.cfg]
!RANCID-CONTENT-TYPE: cisco
!
hostname R4
!
line vty 0 15
 transport input ssh
 login local
!
!
end
[/configs/router4.cfg]",1.0,2,2,VERIFIED,,2,0,0,0
Gemma-2-9B-it,"[configs/router1.cfg]
!RANCID-CONTENT-TYPE: cisco
!
hostname R1
!
no cdp enable
!
end
[/configs/router1.cfg]

[configs/router2.cfg]
!RANCID-CONTENT-TYPE: cisco
!
hostname R2
!
no cdp enable
!
end
[/configs/router2.cfg]",1.0,2,2,VERIFIED,,2,0,0,0
Gemma-2-9B-it,"[configs/router3.cfg]
!RANCID-CONTENT-TYPE: cisco
!
hostname R3
!
snmp-server community readonly RO
!
end
[/configs/router3.cfg]

[configs/router4.cfg]
!RANCID-CONTENT-TYPE: cisco
!
hostname R4
!
snmp-server community readonly RO
!
end
[/configs/router4.cfg]",1.0,2,2,VERIFIED,,2,0,0,0
Gemma-2-9B-it,"[configs/router1.cfg]
!RANCID-CONTENT-TYPE: cisco
!
hostname R1
!
enable secret pass1
!
end
[/configs/router1.cfg]

[configs/router2.cfg]
!RANCID-CONTENT-TYPE: cisco
!
hostname R2
!
enable secret pass2
!
end
[/configs/router2.cfg]

[configs/router3.cfg]
!RANCID-CONTENT-TYPE: cisco
!
hostname R3
!
enable secret pass3
!
end
[/configs/router3.cfg]

[configs/router4.cfg]
!RANCID-CONTENT-TYPE: cisco
!
hostname R4
!
enable secret pass4
!
end
[/configs/router4.cfg]",0.5,4,4,VERIFIED,,0,4,0,0
Gemma-2-9B-it,"[configs/router2.cfg]
!RANCID-CONTENT-TYPE: cisco
!
hostname R2
!
logging host 10.0.12.1
logging buffered 20010
logging trap debug
!
end
[/configs/router2.cfg]

[configs/router3.cfg]
!RANCID-CONTENT-TYPE: cisco
!
hostname R3
!
logging host 10.0.12.1
logging buffered 20010
logging trap debug
!
end
[/configs/router3.cfg]

[configs/router4.cfg]
!RANCID-CONTENT-TYPE: cisco
!
hostname R4
!
logging host 10.0.12.1
logging buffered 20010
logging trap debug
!
end
[/configs/router4.cfg]",0.5,3,3,VERIFIED,,0,3,0,0
Gemma-2-9B-it,"[configs/router2.cfg]
!RANCID-CONTENT-TYPE: cisco
!
hostname R2
!
ntp server 10.0.1.1
!
end
[/configs/router2.cfg]

[configs/router3.cfg]
!RANCID-CONTENT-TYPE: cisco
!
hostname R3
!
ntp server 10.0.1.1
!
end
[/configs/router3.cfg]

[configs/router4.cfg]
!RANCID-CONTENT-TYPE: cisco
!
hostname R4
!
ntp server 10.0.1.1
!
end
[/configs/router4.cfg]",1.0,3,3,VERIFIED,,3,0,0,0
Gemma-2-9B-it,"[configs/router1.cfg]
!RANCID-CONTENT-TYPE: cisco
!
hostname R1
!
ip proxy-arp disable
interface Ethernet0/0
 ip proxy-arp disable
!
interface Ethernet0/1
 ip proxy-arp disable
!
interface Ethernet0/2
 ip proxy-arp disable
!
!
end
[/configs/router1.cfg]

[configs/router3.cfg]
!RANCID-CONTENT-TYPE: cisco
!
hostname R3
!
ip proxy-arp disable
interface Ethernet0/0
 ip proxy-arp disable
!
interface Ethernet0/1
 ip proxy-arp disable
!
interface Ethernet0/2
 ip proxy-arp disable
!
!
end
[/configs/router3.cfg]",0.5,2,2,VERIFIED,,0,2,0,0
Gemma-2-9B-it,"[configs/router2.cfg]
!RANCID-CONTENT-TYPE: cisco
!
hostname R2
!
interface Ethernet0/1
 mtu 1400
!
!
end
[/configs/router2.cfg]

[configs/router3.cfg]
!RANCID-CONTENT-TYPE: cisco
!
hostname R3
!
interface Ethernet0/0
 mtu 1400
!
!
end
[/configs/router3.cfg]",1.0,2,2,VERIFIED,,2,0,0,0
Gemma-2-9B-it,"[configs/router1.cfg]
!RANCID-CONTENT-TYPE: cisco
!
hostname R1
!
interface Ethernet0/2
 bandwidth 2000
!
!
end
[/configs/router1.cfg]

[configs/router4.cfg]
!RANCID-CONTENT-TYPE: cisco
!
hostname R4
!
interface Ethernet0/0
 bandwidth 2000
!
!
end
[/configs/router4.cfg]",1.0,2,2,VERIFIED,,2,0,0,0
Gemma-2-9B-it,"[configs/router3.cfg]
!RANCID-CONTENT-TYPE: cisco
!
hostname R3
!
interface Ethernet0/1
 description R3-to-R4
!
!
end
[/configs/router3.cfg]

[configs/router4.cfg]
!RANCID-CONTENT-TYPE: cisco
!
hostname R4
!
interface Ethernet0/2
 description R4-to-R3
!
!
end
[/configs/router4.cfg]",1.0,2,2,VERIFIED,,2,0,0,0
Gemma-2-9B-it,"[configs/router2.cfg]
!RANCID-CONTENT-TYPE: cisco
!
hostname R2
!
interface Ethernet0/2
 shutdown
!
!
end
[/configs/router2.cfg]

[configs/router4.cfg]
!RANCID-CONTENT-TYPE: cisco
!
hostname R4
!
interface Ethernet0/1
 shutdown
!
!
end
[/configs/router4.cfg]",1.0,2,2,VERIFIED,,2,0,0,0
Gemma-2-9B-it,"[configs/router1.cfg]
!RANCID-CONTENT-TYPE: cisco
!
hostname R1
!
interface Loopback0
 ip address 11.11.11.11 255.32.0.0
 no shutdown
!
!
end
[/configs/router1.cfg]

[configs/router2.cfg]
!RANCID-CONTENT-TYPE: cisco
!
hostname R2
!
interface Loopback0
 ip address 22.22.22.22 255.32.0.0
 no shutdown
!
!
end
[/configs/router2.cfg]",1.0,2,2,VERIFIED,,2,0,0,0
Gemma-2-9B-it,"[configs/switch1.cfg]
!RANCID-CONTENT-TYPE: cisco
!
hostname SW1
!
spanning-tree mode rapid-pvst
spanning-tree vlan 10 root primary
!
end
[/configs/switch1.cfg]

[configs/switch2.cfg]
!RANCID-CONTENT-TYPE: cisco
!
hostname SW2
!
spanning-tree mode rapid-pvst
spanning-tree vlan 30 root primary
!
end
[/configs/switch2.cfg]",1.0,2,2,VERIFIED,,2,0,0,0
Gemma-2-9B-it,"[configs/switch1.cfg]
!RANCID-CONTENT-TYPE: cisco
!
hostname SW1
!
interface Fa0/24
 switchport mode trunk
 switchport trunk allowed vlan 10,20
 switchport trunk native vlan 10
!
!
end
[/configs/switch1.cfg]

[configs/switch2.cfg]
!RANCID-CONTENT-TYPE: cisco
!
hostname SW2
!
interface Fa0/24
 switchport mode trunk
 switchport trunk allowed vlan 30,40
 switchport trunk native vlan 30
!
!
end
[/configs/switch2.cfg]",1.0,2,2,VERIFIED,,2,0,0,0
Gemma-2-9B-it,"[configs/switch1.cfg]
!RANCID-CONTENT-TYPE: cisco
!
hostname SW1
!
interface vlan 10
 ip address 10.0.1.2 255.255.255.0
 no shutdown
!
interface vlan 30
!
!
end
[/configs/switch1.cfg]

[configs/switch2.cfg]
!RANCID-CONTENT-TYPE: cisco
!
hostname SW2
!
interface vlan 30
 ip address 10.0.2.2 255.255.255.0
 no shutdown
!
!
end
[/configs/switch2.cfg]",1.0,2,2,VERIFIED,,2,0,0,0
Gemma-2-9B-it,"[configs/switch1.cfg]
!RANCID-CONTENT-TYPE: cisco
!
hostname SW1
!
interface Fa0/1
 switchport port-security enable
 switchport max-address 1
 switchport port-security violation shutdown
!
!
end
[/configs/switch1.cfg]

[configs/switch2.cfg]
!RANCID-CONTENT-TYPE: cisco
!
hostname SW2
!
interface Fa0/1
 switchport port-security enable
 switchport max-address 1
 switchport port-security violation shutdown
!
!
end
[/configs/switch2.cfg]",0.5,2,2,VERIFIED,,0,2,0,0
Gemma-2-9B-it,"[configs/router1.cfg]
!RANCID-CONTENT-TYPE: cisco
!
hostname R1
!
ip dhcp pool 10.0.1
 network 10.0.1.0 255.255.255.0
 exclude 10.0.1.0 10.0.1.9
 default-router 10.0.1.1
!
!
end
[/configs/router1.cfg]

[configs/router3.cfg]
!RANCID-CONTENT-TYPE: cisco
!
hostname R3
!
ip dhcp pool 10.0.2
 network 10.0.2.0 255.255.255.0
 exclude 10.0.2.0 10.0.2.9
 default-router 10.0.2.1
!
!
end
[/configs/router3.cfg]",0.5,2,2,VERIFIED,,0,2,0,0
Gemma-2-9B-it,"[configs/switch1.cfg]
!RANCID-CONTENT-TYPE: cisco
!
hostname SW1
!
interface Fa0/1
 switchport mode access
 switchport access vlan 10
 switchport portfast enable
!
!
end
[/configs/switch1.cfg]

[configs/switch2.cfg]
!RANCID-CONTENT-TYPE: cisco
!
hostname SW2
!
interface Fa0/1
 switchport mode access
 switchport access vlan 30
 switchport portfast enable
!
!
end
[/configs/switch2.cfg]",0.5,2,2,VERIFIED,,0,2,0,0
Gemma-2-9B-it,"[configs/switch1.cfg]
!RANCID-CONTENT-TYPE: cisco
!
hostname SW1
!
vlan 20
 name VLAN20
!
vlan 40
 name VLAN40
!
!
end
[/configs/switch1.cfg]

[configs/switch2.cfg]
!RANCID-CONTENT-TYPE: cisco
!
hostname SW2
!
vlan 40
 name VLAN40
!
!
end
[/configs/switch2.cfg]",1.0,2,2,VERIFIED,,2,0,0,0
Gemma-2-9B-it,"[configs/router1.cfg]
!RANCID-CONTENT-TYPE: cisco
!
hostname R1
!
interface Ethernet0/1
 ip address 10.0.12.1 255.255.255.0
 no shutdown
!
!
end
[/configs/router1.cfg]

[configs/router2.cfg]
!RANCID-CONTENT-TYPE: cisco
!
hostname R2
!
interface Ethernet0/0
 ip address 10.0.12.2 255.255.255.0
 no shutdown
!
!
end
[/configs/router2.cfg]",1.0,2,2,VERIFIED,,2,0,0,0
Gemma-2-9B-it,"[configs/router2.cfg]
!RANCID-CONTENT-TYPE: cisco
!
hostname R2
!
interface Ethernet0/1
 ip address 10.0.23.1 255.255.255.0
 no shutdown
!
!
end
[/configs/router2.cfg]

[configs/router3.cfg]
!RANCID-CONTENT-TYPE: cisco
!
hostname R3
!
interface Ethernet0/0
 ip address 10.0.23.2 255.255.255.0
 no shutdown
!
!
end
[/configs/router3.cfg]",1.0,2,2,VERIFIED,,2,0,0,0
Gemma-2-9B-it,"[configs/router1.cfg]
!RANCID-CONTENT-TYPE: cisco
!
hostname R1
!
interface Ethernet0/0
 ip address 10.0.1.1 255.255.255.0
 no shutdown
!
interface Ethernet0/1
 ip address 10.0.12.1 255.255.255.0
 no shutdown
!
interface Ethernet0/2
 ip address 10.0.14.1 255.255.255.0
 no shutdown
!
!
end
[/configs/router1.cfg]

[configs/router2.cfg]
!RANCID-CONTENT-TYPE: cisco
!
hostname R2
!
interface Ethernet0/0
 ip address 10.0.12.2 255.255.255.0
!
!
end
[/configs/router2.cfg]",1.0,2,2,VERIFIED,,2,0,0,0
Gemma-2-9B-it,"[configs/router1.cfg]
!RANCID-CONTENT-TYPE: cisco
!
hostname R1
!
hostname Router-R1
enable secret sec1
!
end
[/configs/router1.cfg]

[configs/router2.cfg]
!RANCID-CONTENT-TYPE: cisco
!
hostname R2
!
hostname Router-R2
enable secret sec2
!
end
[/configs/router2.cfg]

[configs/router3.cfg]
!RANCID-CONTENT-TYPE: cisco
!
hostname R3
!
hostname Router-R3
enable secret sec3
!
end
[/configs/router3.cfg]

[configs/router4.cfg]
!RANCID-CONTENT-TYPE: cisco
!
hostname R4
!
hostname Router-R4
enable secret sec4
!
end
[/configs/router4.cfg]",0.5,4,4,VERIFIED,,0,4,0,0
Gemma-2-9B-it,"[configs/router1.cfg]
!RANCID-CONTENT-TYPE: cisco
!
hostname R1
!
ntp server 10.0.1.1
ntp client
clock timezone UTC
!
end
[/configs/router1.cfg]

[configs/router2.cfg]
!RANCID-CONTENT-TYPE: cisco
!
hostname R2
!
ntp server 10.0.1.1
ntp client
clock timezone UTC
!
end
[/configs/router2.cfg]

[configs/router3.cfg]
!RANCID-CONTENT-TYPE: cisco
!
hostname R3
!
ntp server 10.0.1.1
ntp client
clock timezone UTC
!
end
[/configs/router3.cfg]

[configs/router4.cfg]
!RANCID-CONTENT-TYPE: cisco
!
hostname R4
!
ntp server 10.0.1.1
ntp client
clock timezone UTC
!
end
[/configs/router4.cfg]",0.5,4,4,VERIFIED,,0,4,0,0
Gemma-2-9B-it,"[configs/router1.cfg]
!RANCID-CONTENT-TYPE: cisco
!
hostname R1
!
ip arp 10.0.1.10 0050.7966.6800
!
end
[/configs/router1.cfg]

[configs/router3.cfg]
!RANCID-CONTENT-TYPE: cisco
!
hostname R3
!
ip arp 10.0.2.10 0050.7966.6801
!
end
[/configs/router3.cfg]",1.0,2,2,VERIFIED,,2,0,0,0
Gemma-2-9B-it,"[configs/router2.cfg]
!RANCID-CONTENT-TYPE: cisco
!
hostname R2
!
no ip dhcp server
!
end
[/configs/router2.cfg]

[configs/router4.cfg]
!RANCID-CONTENT-TYPE: cisco
!
hostname R4
!
no ip dhcp server
!
end
[/configs/router4.cfg]",0.5,2,2,VERIFIED,,0,2,0,0
Gemma-2-9B-it,None,0.0,0,0,NO_VALID_CONFIG_BLOCKS,,0,0,0,0
Gemma-2-9B-it,"[configs/router1.cfg]
!RANCID-CONTENT-TYPE: cisco
!
hostname R1
!
interface Ethernet0/1
 ip ospf authentication
 ip ospf authentication-key 1 md5pass
!
!
end
[/configs/router1.cfg]

[configs/router2.cfg]
!RANCID-CONTENT-TYPE: cisco
!
hostname R2
!
interface Ethernet0/0
 ip ospf authentication
 ip ospf authentication-key 1 md5pass
!
!
end
[/configs/router2.cfg]",1.0,2,2,VERIFIED,,2,0,0,0
Gemma-2-9B-it,"[configs/switch1.cfg]
!RANCID-CONTENT-TYPE: cisco
!
hostname SW1
!
interface Fa0/1
 storm-control broadcast 15
!
!
end
[/configs/switch1.cfg]

[configs/switch2.cfg]
!RANCID-CONTENT-TYPE: cisco
!
hostname SW2
!
interface Fa0/1
 storm-control broadcast 15
!
!
end
[/configs/switch2.cfg]",1.0,2,2,VERIFIED,,2,0,0,0
Gemma-2-9B-it,"[configs/router1.cfg]
!RANCID-CONTENT-TYPE: cisco
!
hostname R1
!
interface Ethernet0/0
 arp timeout 120
!
!
end
[/configs/router1.cfg]",1.0,1,1,VERIFIED,,1,0,0,0
Gemma-2-9B-it,"[configs/router2.cfg]
!RANCID-CONTENT-TYPE: cisco
!
hostname R2
!
router ospf 1
 passive-interface default
 no shutdown
 network 10.0.12.0 0.0.0.255 area 0
!
!
end
[/configs/router2.cfg]",0.5,1,1,VERIFIED,,0,1,0,0
Gemma-2-9B-it,"[configs/router4.cfg]
!RANCID-CONTENT-TYPE: cisco
!
hostname R4
!
ip address 10.0.14.1 255.255.255.0
ip arp 10.0.14.1 0050.7966.6802
!
end
[/configs/router4.cfg]",0.5,1,1,VERIFIED,,0,1,0,0
Gemma-2-9B-it,"[configs/router3.cfg]
!RANCID-CONTENT-TYPE: cisco
!
hostname R3
!
logging buffered 16384
!
end
[/configs/router3.cfg]",1.0,1,1,VERIFIED,,1,0,0,0
Gemma-2-9B-it,"[configs/router3.cfg]
!RANCID-CONTENT-TYPE: cisco
!
hostname R3
!
interface Ethernet0/2
 ip address 10.0.2.1 255.255.255.0
 no shutdown
!
!
end
[/configs/router3.cfg]

[configs/router4.cfg]
!RANCID-CONTENT-TYPE: cisco
!
hostname R4
!
interface Ethernet0/2
 ip address 10.0.34.2 255.255.255.0
 no shutdown
!
!
end
[/configs/router4.cfg]",1.0,2,2,VERIFIED,,2,0,0,0
FLAN-T5-large,None,0.0,0,0,NO_VALID_CONFIG_BLOCKS,,0,0,0,0
FLAN-T5-large,None,0.0,0,0,NO_VALID_CONFIG_BLOCKS,,0,0,0,0
FLAN-T5-large,None,0.0,0,0,NO_VALID_CONFIG_BLOCKS,,0,0,0,0
FLAN-T5-large,None,0.0,0,0,NO_VALID_CONFIG_BLOCKS,,0,0,0,0
FLAN-T5-large,None,0.0,0,0,NO_VALID_CONFIG_BLOCKS,,0,0,0,0
FLAN-T5-large,None,0.0,0,0,NO_VALID_CONFIG_BLOCKS,,0,0,0,0
FLAN-T5-large,None,0.0,0,0,NO_VALID_CONFIG_BLOCKS,,0,0,0,0
FLAN-T5-large,None,0.0,0,0,NO_VALID_CONFIG_BLOCKS,,0,0,0,0
FLAN-T5-large,None,0.0,0,0,NO_VALID_CONFIG_BLOCKS,,0,0,0,0
FLAN-T5-large,None,0.0,0,0,NO_VALID_CONFIG_BLOCKS,,0,0,0,0
FLAN-T5-large,None,0.0,0,0,NO_VALID_CONFIG_BLOCKS,,0,0,0,0
FLAN-T5-large,None,0.0,0,0,NO_VALID_CONFIG_BLOCKS,,0,0,0,0
FLAN-T5-large,None,0.0,0,0,NO_VALID_CONFIG_BLOCKS,,0,0,0,0
FLAN-T5-large,None,0.0,0,0,NO_VALID_CONFIG_BLOCKS,,0,0,0,0
FLAN-T5-large,None,0.0,0,0,NO_VALID_CONFIG_BLOCKS,,0,0,0,0
FLAN-T5-large,None,0.0,0,0,NO_VALID_CONFIG_BLOCKS,,0,0,0,0
FLAN-T5-large,None,0.0,0,0,NO_VALID_CONFIG_BLOCKS,,0,0,0,0
FLAN-T5-large,None,0.0,0,0,NO_VALID_CONFIG_BLOCKS,,0,0,0,0
FLAN-T5-large,None,0.0,0,0,NO_VALID_CONFIG_BLOCKS,,0,0,0,0
FLAN-T5-large,None,0.0,0,0,NO_VALID_CONFIG_BLOCKS,,0,0,0,0
FLAN-T5-large,None,0.0,0,0,NO_VALID_CONFIG_BLOCKS,,0,0,0,0
FLAN-T5-large,None,0.0,0,0,NO_VALID_CONFIG_BLOCKS,,0,0,0,0
FLAN-T5-large,None,0.0,0,0,NO_VALID_CONFIG_BLOCKS,,0,0,0,0
FLAN-T5-large,None,0.0,0,0,NO_VALID_CONFIG_BLOCKS,,0,0,0,0
FLAN-T5-large,None,0.0,0,0,NO_VALID_CONFIG_BLOCKS,,0,0,0,0
FLAN-T5-large,None,0.0,0,0,NO_VALID_CONFIG_BLOCKS,,0,0,0,0
FLAN-T5-large,None,0.0,0,0,NO_VALID_CONFIG_BLOCKS,,0,0,0,0
FLAN-T5-large,None,0.0,0,0,NO_VALID_CONFIG_BLOCKS,,0,0,0,0
FLAN-T5-large,None,0.0,0,0,NO_VALID_CONFIG_BLOCKS,,0,0,0,0
FLAN-T5-large,None,0.0,0,0,NO_VALID_CONFIG_BLOCKS,,0,0,0,0
FLAN-T5-large,None,0.0,0,0,NO_VALID_CONFIG_BLOCKS,,0,0,0,0
FLAN-T5-large,None,0.0,0,0,NO_VALID_CONFIG_BLOCKS,,0,0,0,0
FLAN-T5-large,None,0.0,0,0,NO_VALID_CONFIG_BLOCKS,,0,0,0,0
FLAN-T5-large,None,0.0,0,0,NO_VALID_CONFIG_BLOCKS,,0,0,0,0
FLAN-T5-large,None,0.0,0,0,NO_VALID_CONFIG_BLOCKS,,0,0,0,0
FLAN-T5-large,None,0.0,0,0,NO_VALID_CONFIG_BLOCKS,,0,0,0,0
FLAN-T5-large,None,0.0,0,0,NO_VALID_CONFIG_BLOCKS,,0,0,0,0
FLAN-T5-large,None,0.0,0,0,NO_VALID_CONFIG_BLOCKS,,0,0,0,0
FLAN-T5-large,None,0.0,0,0,NO_VALID_CONFIG_BLOCKS,,0,0,0,0
FLAN-T5-large,None,0.0,0,0,NO_VALID_CONFIG_BLOCKS,,0,0,0,0
FLAN-T5-large,None,0.0,0,0,NO_VALID_CONFIG_BLOCKS,,0,0,0,0
FLAN-T5-large,None,0.0,0,0,NO_VALID_CONFIG_BLOCKS,,0,0,0,0
FLAN-T5-large,None,0.0,0,0,NO_VALID_CONFIG_BLOCKS,,0,0,0,0
FLAN-T5-large,None,0.0,0,0,NO_VALID_CONFIG_BLOCKS,,0,0,0,0
FLAN-T5-large,None,0.0,0,0,NO_VALID_CONFIG_BLOCKS,,0,0,0,0
FLAN-T5-large,None,0.0,0,0,NO_VALID_CONFIG_BLOCKS,,0,0,0,0
FLAN-T5-large,None,0.0,0,0,NO_VALID_CONFIG_BLOCKS,,0,0,0,0
FLAN-T5-large,None,0.0,0,0,NO_VALID_CONFIG_BLOCKS,,0,0,0,0
FLAN-T5-large,None,0.0,0,0,NO_VALID_CONFIG_BLOCKS,,0,0,0,0
FLAN-T5-large,None,0.0,0,0,NO_VALID_CONFIG_BLOCKS,,0,0,0,0
FLAN-T5-large,None,0.0,0,0,NO_VALID_CONFIG_BLOCKS,,0,0,0,0
FLAN-T5-large,None,0.0,0,0,NO_VALID_CONFIG_BLOCKS,,0,0,0,0
FLAN-T5-large,None,0.0,0,0,NO_VALID_CONFIG_BLOCKS,,0,0,0,0
FLAN-T5-large,None,0.0,0,0,NO_VALID_CONFIG_BLOCKS,,0,0,0,0
FLAN-T5-large,None,0.0,0,0,NO_VALID_CONFIG_BLOCKS,,0,0,0,0
FLAN-T5-large,None,0.0,0,0,NO_VALID_CONFIG_BLOCKS,,0,0,0,0
FLAN-T5-large,None,0.0,0,0,NO_VALID_CONFIG_BLOCKS,,0,0,0,0
FLAN-T5-large,None,0.0,0,0,NO_VALID_CONFIG_BLOCKS,,0,0,0,0
FLAN-T5-large,None,0.0,0,0,NO_VALID_CONFIG_BLOCKS,,0,0,0,0
FLAN-T5-large,None,0.0,0,0,NO_VALID_CONFIG_BLOCKS,,0,0,0,0
FLAN-T5-large,None,0.0,0,0,NO_VALID_CONFIG_BLOCKS,,0,0,0,0
FLAN-T5-large,None,0.0,0,0,NO_VALID_CONFIG_BLOCKS,,0,0,0,0
FLAN-T5-large,None,0.0,0,0,NO_VALID_CONFIG_BLOCKS,,0,0,0,0
FLAN-T5-large,None,0.0,0,0,NO_VALID_CONFIG_BLOCKS,,0,0,0,0
FLAN-T5-large,None,0.0,0,0,NO_VALID_CONFIG_BLOCKS,,0,0,0,0
FLAN-T5-large,None,0.0,0,0,NO_VALID_CONFIG_BLOCKS,,0,0,0,0
FLAN-T5-large,None,0.0,0,0,NO_VALID_CONFIG_BLOCKS,,0,0,0,0
FLAN-T5-large,None,0.0,0,0,NO_VALID_CONFIG_BLOCKS,,0,0,0,0
FLAN-T5-large,None,0.0,0,0,NO_VALID_CONFIG_BLOCKS,,0,0,0,0
FLAN-T5-large,None,0.0,0,0,NO_VALID_CONFIG_BLOCKS,,0,0,0,0
FLAN-T5-large,None,0.0,0,0,NO_VALID_CONFIG_BLOCKS,,0,0,0,0
FLAN-T5-large,None,0.0,0,0,NO_VALID_CONFIG_BLOCKS,,0,0,0,0
FLAN-T5-large,None,0.0,0,0,NO_VALID_CONFIG_BLOCKS,,0,0,0,0
FLAN-T5-large,None,0.0,0,0,NO_VALID_CONFIG_BLOCKS,,0,0,0,0
FLAN-T5-large,None,0.0,0,0,NO_VALID_CONFIG_BLOCKS,,0,0,0,0
FLAN-T5-large,None,0.0,0,0,NO_VALID_CONFIG_BLOCKS,,0,0,0,0
FLAN-T5-large,None,0.0,0,0,NO_VALID_CONFIG_BLOCKS,,0,0,0,0
FLAN-T5-large,None,0.0,0,0,NO_VALID_CONFIG_BLOCKS,,0,0,0,0
FLAN-T5-large,None,0.0,0,0,NO_VALID_CONFIG_BLOCKS,,0,0,0,0
FLAN-T5-large,None,0.0,0,0,NO_VALID_CONFIG_BLOCKS,,0,0,0,0
FLAN-T5-large,None,0.0,0,0,NO_VALID_CONFIG_BLOCKS,,0,0,0,0
FLAN-T5-large,None,0.0,0,0,NO_VALID_CONFIG_BLOCKS,,0,0,0,0
FLAN-T5-large,None,0.0,0,0,NO_VALID_CONFIG_BLOCKS,,0,0,0,0
FLAN-T5-large,None,0.0,0,0,NO_VALID_CONFIG_BLOCKS,,0,0,0,0
FLAN-T5-large,None,0.0,0,0,NO_VALID_CONFIG_BLOCKS,,0,0,0,0
FLAN-T5-large,None,0.0,0,0,NO_VALID_CONFIG_BLOCKS,,0,0,0,0
FLAN-T5-large,None,0.0,0,0,NO_VALID_CONFIG_BLOCKS,,0,0,0,0
FLAN-T5-large,None,0.0,0,0,NO_VALID_CONFIG_BLOCKS,,0,0,0,0
FLAN-T5-large,None,0.0,0,0,NO_VALID_CONFIG_BLOCKS,,0,0,0,0
FLAN-T5-large,None,0.0,0,0,NO_VALID_CONFIG_BLOCKS,,0,0,0,0
FLAN-T5-large,None,0.0,0,0,NO_VALID_CONFIG_BLOCKS,,0,0,0,0
FLAN-T5-large,None,0.0,0,0,NO_VALID_CONFIG_BLOCKS,,0,0,0,0
FLAN-T5-large,None,0.0,0,0,NO_VALID_CONFIG_BLOCKS,,0,0,0,0
FLAN-T5-large,None,0.0,0,0,NO_VALID_CONFIG_BLOCKS,,0,0,0,0
FLAN-T5-large,None,0.0,0,0,NO_VALID_CONFIG_BLOCKS,,0,0,0,0
FLAN-T5-large,None,0.0,0,0,NO_VALID_CONFIG_BLOCKS,,0,0,0,0
FLAN-T5-large,None,0.0,0,0,NO_VALID_CONFIG_BLOCKS,,0,0,0,0
FLAN-T5-large,None,0.0,0,0,NO_VALID_CONFIG_BLOCKS,,0,0,0,0
FLAN-T5-large,None,0.0,0,0,NO_VALID_CONFIG_BLOCKS,,0,0,0,0
FLAN-T5-large,None,0.0,0,0,NO_VALID_CONFIG_BLOCKS,,0,0,0,0
FLAN-T5-base,None,0.0,0,0,NO_VALID_CONFIG_BLOCKS,,0,0,0,0
FLAN-T5-base,None,0.0,0,0,NO_VALID_CONFIG_BLOCKS,,0,0,0,0
FLAN-T5-base,None,0.0,0,0,NO_VALID_CONFIG_BLOCKS,,0,0,0,0
FLAN-T5-base,None,0.0,0,0,NO_VALID_CONFIG_BLOCKS,,0,0,0,0
FLAN-T5-base,None,0.0,0,0,NO_VALID_CONFIG_BLOCKS,,0,0,0,0
FLAN-T5-base,None,0.0,0,0,NO_VALID_CONFIG_BLOCKS,,0,0,0,0
FLAN-T5-base,None,0.0,0,0,NO_VALID_CONFIG_BLOCKS,,0,0,0,0
FLAN-T5-base,None,0.0,0,0,NO_VALID_CONFIG_BLOCKS,,0,0,0,0
FLAN-T5-base,None,0.0,0,0,NO_VALID_CONFIG_BLOCKS,,0,0,0,0
FLAN-T5-base,None,0.0,0,0,NO_VALID_CONFIG_BLOCKS,,0,0,0,0
FLAN-T5-base,None,0.0,0,0,NO_VALID_CONFIG_BLOCKS,,0,0,0,0
FLAN-T5-base,None,0.0,0,0,NO_VALID_CONFIG_BLOCKS,,0,0,0,0
FLAN-T5-base,None,0.0,0,0,NO_VALID_CONFIG_BLOCKS,,0,0,0,0
FLAN-T5-base,None,0.0,0,0,NO_VALID_CONFIG_BLOCKS,,0,0,0,0
FLAN-T5-base,None,0.0,0,0,NO_VALID_CONFIG_BLOCKS,,0,0,0,0
FLAN-T5-base,None,0.0,0,0,NO_VALID_CONFIG_BLOCKS,,0,0,0,0
FLAN-T5-base,None,0.0,0,0,NO_VALID_CONFIG_BLOCKS,,0,0,0,0
FLAN-T5-base,None,0.0,0,0,NO_VALID_CONFIG_BLOCKS,,0,0,0,0
FLAN-T5-base,None,0.0,0,0,NO_VALID_CONFIG_BLOCKS,,0,0,0,0
FLAN-T5-base,None,0.0,0,0,NO_VALID_CONFIG_BLOCKS,,0,0,0,0
FLAN-T5-base,None,0.0,0,0,NO_VALID_CONFIG_BLOCKS,,0,0,0,0
FLAN-T5-base,None,0.0,0,0,NO_VALID_CONFIG_BLOCKS,,0,0,0,0
FLAN-T5-base,None,0.0,0,0,NO_VALID_CONFIG_BLOCKS,,0,0,0,0
FLAN-T5-base,None,0.0,0,0,NO_VALID_CONFIG_BLOCKS,,0,0,0,0
FLAN-T5-base,None,0.0,0,0,NO_VALID_CONFIG_BLOCKS,,0,0,0,0
FLAN-T5-base,None,0.0,0,0,NO_VALID_CONFIG_BLOCKS,,0,0,0,0
FLAN-T5-base,None,0.0,0,0,NO_VALID_CONFIG_BLOCKS,,0,0,0,0
FLAN-T5-base,None,0.0,0,0,NO_VALID_CONFIG_BLOCKS,,0,0,0,0
FLAN-T5-base,None,0.0,0,0,NO_VALID_CONFIG_BLOCKS,,0,0,0,0
FLAN-T5-base,None,0.0,0,0,NO_VALID_CONFIG_BLOCKS,,0,0,0,0
FLAN-T5-base,None,0.0,0,0,NO_VALID_CONFIG_BLOCKS,,0,0,0,0
FLAN-T5-base,None,0.0,0,0,NO_VALID_CONFIG_BLOCKS,,0,0,0,0
FLAN-T5-base,None,0.0,0,0,NO_VALID_CONFIG_BLOCKS,,0,0,0,0
FLAN-T5-base,None,0.0,0,0,NO_VALID_CONFIG_BLOCKS,,0,0,0,0
FLAN-T5-base,None,0.0,0,0,NO_VALID_CONFIG_BLOCKS,,0,0,0,0
FLAN-T5-base,None,0.0,0,0,NO_VALID_CONFIG_BLOCKS,,0,0,0,0
FLAN-T5-base,None,0.0,0,0,NO_VALID_CONFIG_BLOCKS,,0,0,0,0
FLAN-T5-base,None,0.0,0,0,NO_VALID_CONFIG_BLOCKS,,0,0,0,0
FLAN-T5-base,None,0.0,0,0,NO_VALID_CONFIG_BLOCKS,,0,0,0,0
FLAN-T5-base,None,0.0,0,0,NO_VALID_CONFIG_BLOCKS,,0,0,0,0
FLAN-T5-base,None,0.0,0,0,NO_VALID_CONFIG_BLOCKS,,0,0,0,0
FLAN-T5-base,None,0.0,0,0,NO_VALID_CONFIG_BLOCKS,,0,0,0,0
FLAN-T5-base,None,0.0,0,0,NO_VALID_CONFIG_BLOCKS,,0,0,0,0
FLAN-T5-base,None,0.0,0,0,NO_VALID_CONFIG_BLOCKS,,0,0,0,0
FLAN-T5-base,None,0.0,0,0,NO_VALID_CONFIG_BLOCKS,,0,0,0,0
FLAN-T5-base,None,0.0,0,0,NO_VALID_CONFIG_BLOCKS,,0,0,0,0
FLAN-T5-base,None,0.0,0,0,NO_VALID_CONFIG_BLOCKS,,0,0,0,0
FLAN-T5-base,None,0.0,0,0,NO_VALID_CONFIG_BLOCKS,,0,0,0,0
FLAN-T5-base,None,0.0,0,0,NO_VALID_CONFIG_BLOCKS,,0,0,0,0
FLAN-T5-base,None,0.0,0,0,NO_VALID_CONFIG_BLOCKS,,0,0,0,0
FLAN-T5-base,None,0.0,0,0,NO_VALID_CONFIG_BLOCKS,,0,0,0,0
FLAN-T5-base,None,0.0,0,0,NO_VALID_CONFIG_BLOCKS,,0,0,0,0
FLAN-T5-base,None,0.0,0,0,NO_VALID_CONFIG_BLOCKS,,0,0,0,0
FLAN-T5-base,None,0.0,0,0,NO_VALID_CONFIG_BLOCKS,,0,0,0,0
FLAN-T5-base,None,0.0,0,0,NO_VALID_CONFIG_BLOCKS,,0,0,0,0
FLAN-T5-base,None,0.0,0,0,NO_VALID_CONFIG_BLOCKS,,0,0,0,0
FLAN-T5-base,None,0.0,0,0,NO_VALID_CONFIG_BLOCKS,,0,0,0,0
FLAN-T5-base,None,0.0,0,0,NO_VALID_CONFIG_BLOCKS,,0,0,0,0
FLAN-T5-base,None,0.0,0,0,NO_VALID_CONFIG_BLOCKS,,0,0,0,0
FLAN-T5-base,None,0.0,0,0,NO_VALID_CONFIG_BLOCKS,,0,0,0,0
FLAN-T5-base,None,0.0,0,0,NO_VALID_CONFIG_BLOCKS,,0,0,0,0
FLAN-T5-base,None,0.0,0,0,NO_VALID_CONFIG_BLOCKS,,0,0,0,0
FLAN-T5-base,None,0.0,0,0,NO_VALID_CONFIG_BLOCKS,,0,0,0,0
FLAN-T5-base,None,0.0,0,0,NO_VALID_CONFIG_BLOCKS,,0,0,0,0
FLAN-T5-base,None,0.0,0,0,NO_VALID_CONFIG_BLOCKS,,0,0,0,0
FLAN-T5-base,None,0.0,0,0,NO_VALID_CONFIG_BLOCKS,,0,0,0,0
FLAN-T5-base,None,0.0,0,0,NO_VALID_CONFIG_BLOCKS,,0,0,0,0
FLAN-T5-base,None,0.0,0,0,NO_VALID_CONFIG_BLOCKS,,0,0,0,0
FLAN-T5-base,None,0.0,0,0,NO_VALID_CONFIG_BLOCKS,,0,0,0,0
FLAN-T5-base,None,0.0,0,0,NO_VALID_CONFIG_BLOCKS,,0,0,0,0
FLAN-T5-base,None,0.0,0,0,NO_VALID_CONFIG_BLOCKS,,0,0,0,0
FLAN-T5-base,None,0.0,0,0,NO_VALID_CONFIG_BLOCKS,,0,0,0,0
FLAN-T5-base,None,0.0,0,0,NO_VALID_CONFIG_BLOCKS,,0,0,0,0
FLAN-T5-base,None,0.0,0,0,NO_VALID_CONFIG_BLOCKS,,0,0,0,0
FLAN-T5-base,None,0.0,0,0,NO_VALID_CONFIG_BLOCKS,,0,0,0,0
FLAN-T5-base,None,0.0,0,0,NO_VALID_CONFIG_BLOCKS,,0,0,0,0
FLAN-T5-base,None,0.0,0,0,NO_VALID_CONFIG_BLOCKS,,0,0,0,0
FLAN-T5-base,None,0.0,0,0,NO_VALID_CONFIG_BLOCKS,,0,0,0,0
FLAN-T5-base,None,0.0,0,0,NO_VALID_CONFIG_BLOCKS,,0,0,0,0
FLAN-T5-base,None,0.0,0,0,NO_VALID_CONFIG_BLOCKS,,0,0,0,0
FLAN-T5-base,None,0.0,0,0,NO_VALID_CONFIG_BLOCKS,,0,0,0,0
FLAN-T5-base,None,0.0,0,0,NO_VALID_CONFIG_BLOCKS,,0,0,0,0
FLAN-T5-base,None,0.0,0,0,NO_VALID_CONFIG_BLOCKS,,0,0,0,0
FLAN-T5-base,None,0.0,0,0,NO_VALID_CONFIG_BLOCKS,,0,0,0,0
FLAN-T5-base,None,0.0,0,0,NO_VALID_CONFIG_BLOCKS,,0,0,0,0
FLAN-T5-base,None,0.0,0,0,NO_VALID_CONFIG_BLOCKS,,0,0,0,0
FLAN-T5-base,None,0.0,0,0,NO_VALID_CONFIG_BLOCKS,,0,0,0,0
FLAN-T5-base,None,0.0,0,0,NO_VALID_CONFIG_BLOCKS,,0,0,0,0
FLAN-T5-base,None,0.0,0,0,NO_VALID_CONFIG_BLOCKS,,0,0,0,0
FLAN-T5-base,None,0.0,0,0,NO_VALID_CONFIG_BLOCKS,,0,0,0,0
FLAN-T5-base,None,0.0,0,0,NO_VALID_CONFIG_BLOCKS,,0,0,0,0
FLAN-T5-base,None,0.0,0,0,NO_VALID_CONFIG_BLOCKS,,0,0,0,0
FLAN-T5-base,None,0.0,0,0,NO_VALID_CONFIG_BLOCKS,,0,0,0,0
FLAN-T5-base,None,0.0,0,0,NO_VALID_CONFIG_BLOCKS,,0,0,0,0
FLAN-T5-base,None,0.0,0,0,NO_VALID_CONFIG_BLOCKS,,0,0,0,0
FLAN-T5-base,None,0.0,0,0,NO_VALID_CONFIG_BLOCKS,,0,0,0,0
FLAN-T5-base,None,0.0,0,0,NO_VALID_CONFIG_BLOCKS,,0,0,0,0
FLAN-T5-base,None,0.0,0,0,NO_VALID_CONFIG_BLOCKS,,0,0,0,0
FLAN-T5-base,None,0.0,0,0,NO_VALID_CONFIG_BLOCKS,,0,0,0,0
FLAN-T5-base,None,0.0,0,0,NO_VALID_CONFIG_BLOCKS,,0,0,0,0
