model_name,predictions
Llama-3.1-8B-Instruct,"[configs/router1.cfg]
!RANCID-CONTENT-TYPE: cisco
!
hostname R1
!
interface Ethernet0/2
 ip address 10.0.14.1 255.255.255.0
!
!
end
[/configs/router1.cfg]"
Llama-3.1-8B-Instruct,"[configs/router2.cfg]
!RANCID-CONTENT-TYPE: cisco
!
hostname R2
!
interface Ethernet0/1
 mtu 1500
!
!
end
[/configs/router2.cfg]"
Llama-3.1-8B-Instruct,"[configs/router3.cfg]
!RANCID-CONTENT-TYPE: cisco
!
hostname R3
!
interface loopback0
 ip address 33.33.33.33 255.255.255.255
!
!
end
[/configs/router3.cfg]"
Llama-3.1-8B-Instruct,"[configs/router1.cfg]
!RANCID-CONTENT-TYPE: cisco
!
hostname R1
!
interface Ethernet0/2
 no shutdown
!
!
end
[/configs/router1.cfg]"
Llama-3.1-8B-Instruct,"[configs/router2.cfg]
!RANCID-CONTENT-TYPE: cisco
!
hostname R2
!
interface Ethernet0/2
 shutdown
!
!
end
[/configs/router2.cfg]"
Llama-3.1-8B-Instruct,"[configs/router2.cfg]
!RANCID-CONTENT-TYPE: cisco
!
hostname R2
!
interface Ethernet0/1
 description Link to R3
!
!
end
[/configs/router2.cfg]"
Llama-3.1-8B-Instruct,"[configs/router3.cfg]
!RANCID-CONTENT-TYPE: cisco
!
hostname R3
!
interface Ethernet0/0
 bandwidth 1500
!
!
end
[/configs/router3.cfg]"
Llama-3.1-8B-Instruct,"[configs/router3.cfg]
!RANCID-CONTENT-TYPE: cisco
!
hostname R3
!
interface Ethernet0/2
 no ip proxy-arp
!
!
end
[/configs/router3.cfg]"
Llama-3.1-8B-Instruct,"[configs/router4.cfg]
!RANCID-CONTENT-TYPE: cisco
!
hostname R4
!
interface Ethernet0/1
 ip arp timeout 600
!
!
end
[/configs/router4.cfg]"
Llama-3.1-8B-Instruct,"[configs/router4.cfg]
!RANCID-CONTENT-TYPE: cisco
!
hostname R4
!
interface loopback0
 ip address 44.44.44.44 255.255.255.255
!
!
end
[/configs/router4.cfg]"
Llama-3.1-8B-Instruct,"[configs/router3.cfg]
!RANCID-CONTENT-TYPE: cisco
!
hostname R3
!
ip route 10.0.1.0 255.255.255.0 10.0.23.1
!
end
[/configs/router3.cfg]"
Llama-3.1-8B-Instruct,"[configs/router4.cfg]
!RANCID-CONTENT-TYPE: cisco
!
hostname R4
!
ip route 0.0.0.0 0.0.0.0 10.0.14.1
!
end
[/configs/router4.cfg]"
Llama-3.1-8B-Instruct,"[configs/router2.cfg]
!RANCID-CONTENT-TYPE: cisco
!
hostname R2
!
ip route 10.0.1.0 255.255.255.0 10.0.12.1
!
end
[/configs/router2.cfg]"
Llama-3.1-8B-Instruct,"[configs/router2.cfg]
!RANCID-CONTENT-TYPE: cisco
!
hostname R2
!
router ospf 2
 network 10.0.12.0 0.0.0.255 area 0
 network 10.0.23.0 0.0.0.255 area 0
 network 10.0.24.0 0.0.0.255 area 0
!
!
end
[/configs/router2.cfg]"
Llama-3.1-8B-Instruct,"[configs/router3.cfg]
!RANCID-CONTENT-TYPE: cisco
!
hostname R3
!
router ospf 1
 router-id 3.3.3.3
!
!
end
[/configs/router3.cfg]"
Llama-3.1-8B-Instruct,"[configs/router2.cfg]
!RANCID-CONTENT-TYPE: cisco
!
hostname R2
!
interface Ethernet0/2
 ip ospf cost 50
!
!
end
[/configs/router2.cfg]"
Llama-3.1-8B-Instruct,"[configs/router4.cfg]
!RANCID-CONTENT-TYPE: cisco
!
hostname R4
!
router ospf 1
 passive-interface Ethernet0/2
!
!
end
[/configs/router4.cfg]"
Llama-3.1-8B-Instruct,"[configs/router4.cfg]
!RANCID-CONTENT-TYPE: cisco
!
hostname R4
!
no ip route 0.0.0.0 0.0.0.0 10.0.14.1
!
end
[/configs/router4.cfg]"
Llama-3.1-8B-Instruct,"[configs/router3.cfg]
!RANCID-CONTENT-TYPE: cisco
!
hostname R3
!
interface Ethernet0/2
 ip ospf hello-interval 10
!
!
end
[/configs/router3.cfg]"
Llama-3.1-8B-Instruct,"[configs/router1.cfg]
!RANCID-CONTENT-TYPE: cisco
!
hostname R1
!
interface Ethernet0/2
 ip ospf authentication key-chain R1-R4
 ip ospf authentication message-digest
!
key chain R1-R4
 key 1
 key-string netpass
!
!
end
[/configs/router1.cfg]

[configs/router4.cfg]
!RANCID-CONTENT-TYPE: cisco
!
hostname R4
!
interface Ethernet0/0
 ip ospf authentication key-chain R1-R4
 ip ospf authentication message-digest
!
key chain R1-R4
 key 1
 key-string netpass
!
!
end
[/configs/router4.cfg]"
Llama-3.1-8B-Instruct,"[configs/router1.cfg]
!RANCID-CONTENT-TYPE: cisco
!
hostname R1
!
ip access-list extended DENY_SSH
 deny tcp 10.0.1.0 0.0.0.255 any eq 23
 permit ip any any
!
interface Ethernet0/0
 ip address 10.0.1.1 255.255.255.0
!
interface Ethernet0/1
 ip address 10.0.12.1 255.255.255.0
!
interface Ethernet0/2
!
!
end
[/configs/router1.cfg]

[configs/router2.cfg]
!RANCID-CONTENT-TYPE: cisco
!
hostname R2
!
interface Ethernet0/0
 ip address 10.0.12.2 255.255.255.0
!
!
end
[/configs/router2.cfg]

[configs/router3.cfg]
!RANCID-CONTENT-TYPE: cisco
!
hostname R3
!
interface Ethernet0/0
 ip address 10.0.23.2 255.255.255.0
!
!
end
[/configs/router3.cfg]

[configs/router4.cfg]
!RANCID-CONTENT-TYPE: cisco
!
hostname R4
!
interface Ethernet0/0
 ip address 10.0.14.2 255.255.255.0
!
!
end
[/configs/router4.cfg]

[configs/switch1.cfg]
!RANCID-CONTENT-TYPE: cisco
!
hostname SW1
!
interface FastEthernet0/1
 switchport mode access
 switchport access vlan 10
!
interface FastEthernet0/24
 switchport mode trunk
 switchport trunk allowed vlan 10,20
!
!
end
[/configs/switch1.cfg]

[configs/switch2.cfg]
!RANCID-CONTENT-TYPE: cisco
!
hostname SW2
!
interface FastEthernet0/1
 switchport mode access
 switchport access vlan 30
!
interface FastEthernet0/24
 switchport mode trunk
 switchport trunk allowed vlan 30,40
!
!
end
[/configs/switch2.cfg]"
Llama-3.1-8B-Instruct,"[configs/router1.cfg]
!RANCID-CONTENT-TYPE: cisco
!
hostname R1
!
interface Ethernet0/0
 ip access-group DENY_TELNET in
!
ip access-list extended DENY_TELNET
 deny tcp 10.0.1.0 0.0.0.255 any eq 23
 permit ip any any
!
!
end
[/configs/router1.cfg]"
Llama-3.1-8B-Instruct,"[configs/router3.cfg]
!RANCID-CONTENT-TYPE: cisco
!
hostname R3
!
ip access-list standard ACL_R3
 permit 10.0.2.0 0.0.0.255
!
!
end
[/configs/router3.cfg]"
Llama-3.1-8B-Instruct,"[configs/router4.cfg]
!RANCID-CONTENT-TYPE: cisco
!
hostname R4
!
ip access-list extended DENY_ICMP
 deny icmp any 10.0.14.0 0.0.0.255
 permit ip any any
!
!
end
[/configs/router4.cfg]"
Llama-3.1-8B-Instruct,"[configs/router3.cfg]
!RANCID-CONTENT-TYPE: cisco
!
hostname R3
!
ip domain-name lab.local
ip ssh version 2
!
end
[/configs/router3.cfg]"
Llama-3.1-8B-Instruct,"[configs/router4.cfg]
!RANCID-CONTENT-TYPE: cisco
!
hostname R4
!
username admin password cisco123
line vty 0 4
 password cisco123
 login local
 transport input telnet
!
!
end
[/configs/router4.cfg]"
Llama-3.1-8B-Instruct,"[configs/router1.cfg]
!RANCID-CONTENT-TYPE: cisco
!
hostname R1
!
enable secret cisco123
!
end
[/configs/router1.cfg]"
Llama-3.1-8B-Instruct,"[configs/router2.cfg]
!RANCID-CONTENT-TYPE: cisco
!
hostname R2
!
service password-encryption
enable password cisco
line vty 0 4
 password cisco
 login
!
!
end
[/configs/router2.cfg]"
Llama-3.1-8B-Instruct,"[configs/router3.cfg]
!RANCID-CONTENT-TYPE: cisco
!
hostname R3
!
aaa new-model
!
end
[/configs/router3.cfg]"
Llama-3.1-8B-Instruct,"[configs/router1.cfg]
!RANCID-CONTENT-TYPE: cisco
!
hostname R1
!
snmp-server community private RO
snmp-server community private RW
!
end
[/configs/router1.cfg]"
Llama-3.1-8B-Instruct,"[configs/switch2.cfg]
!RANCID-CONTENT-TYPE: cisco
!
hostname SW2
!
vlan database
 vlan 20
!
interface fa0/24
 switchport mode trunk
 switchport trunk allowed vlan add 20
!
!
end
[/configs/switch2.cfg]"
Llama-3.1-8B-Instruct,"[configs/switch1.cfg]
!RANCID-CONTENT-TYPE: cisco
!
hostname SW1
!
interface fa0/1
 switchport mode access
 switchport access vlan 10
 spanning-tree portfast
 spanning-tree bpduguard enable
!
!
end
[/configs/switch1.cfg]"
Llama-3.1-8B-Instruct,"[configs/switch2.cfg]
!RANCID-CONTENT-TYPE: cisco
!
hostname SW2
!
spanning-tree vlan 40 root primary
!
end
[/configs/switch2.cfg]"
Llama-3.1-8B-Instruct,"[configs/switch1.cfg]
!RANCID-CONTENT-TYPE: cisco
!
hostname SW1
!
interface FastEthernet0/24
 switchport trunk native vlan 20
!
!
end
[/configs/switch1.cfg]"
Llama-3.1-8B-Instruct,"[configs/switch2.cfg]
!RANCID-CONTENT-TYPE: cisco
!
hostname SW2
!
interface vlan 40
 ip address 10.0.4.1 255.255.255.0
!
!
end
[/configs/switch2.cfg]"
Llama-3.1-8B-Instruct,"[configs/switch2.cfg]
!RANCID-CONTENT-TYPE: cisco
!
hostname SW2
!
interface fa0/1
 storm-control broadcast level 10
!
!
end
[/configs/switch2.cfg]"
Llama-3.1-8B-Instruct,"[configs/router1.cfg]
!RANCID-CONTENT-TYPE: cisco
!
hostname R1
!
interface Ethernet0/0
 description Link to SW1
!
interface Ethernet0/1
 mtu 1400
!
ip route 10.0.2.0 255.255.255.0 10.0.1.2
ip route 10.0.34.0 255.255.255.0 10.0.14.2
!
end
[/configs/router1.cfg]

[configs/router2.cfg]
!RANCID-CONTENT-TYPE: cisco
!
hostname R2
!
interface Ethernet0/0
 mtu 1400
!
interface Ethernet0/1
 mtu 1400
!
ip route 10.0.1.0 255.255.255.0 10.0.12.1
ip route 10.0.14.0 255.255.255.0 10.0.24.2
ip route 10.0.34.0 255.255.255.0 10.0.24.2
!
end
[/configs/router2.cfg]

[configs/router3.cfg]
!RANCID-CONTENT-TYPE: cisco
!
hostname R3
!
interface Ethernet0/0
 mtu 1400
!
ip route 10.0.12.0 255.255.255.0 10.0.23.2
ip route 10.0.14.0 255.255.255.0 10.0.23.1
ip route 10.0.24.0 255.255.255.0 10.0.23.2
!
end
[/configs/router3.cfg]

[configs/router4.cfg]
!RANCID-CONTENT-TYPE: cisco
!
hostname R4
!
interface Ethernet0/0
 mtu 1400
!
ip route 10.0.1.0 255.255
!
end
[/configs/router4.cfg]"
Llama-3.1-8B-Instruct,"[configs/switch2.cfg]
!RANCID-CONTENT-TYPE: cisco
!
hostname SW2
!
interface fa0/1
 switchport mode access
 switchport access vlan 30
 switchport port-security
 switchport port-security maximum 2
 switchport port-security violation restrict
!
!
end
[/configs/switch2.cfg]"
Llama-3.1-8B-Instruct,"[configs/router4.cfg]
!RANCID-CONTENT-TYPE: cisco
!
hostname R4
!
ip dhcp pool DHCP_POOL
 network 10.0.14.0 255.255.255.0
 default-router 10.0.14.1
 dns-server 10.0.1.1
!
!
end
[/configs/router4.cfg]"
Llama-3.1-8B-Instruct,"[configs/router3.cfg]
!RANCID-CONTENT-TYPE: cisco
!
hostname R3
!
ip dhcp pool DHCP_POOL
 network 10.0.2.0 255.255.255.0
 exclude 10.0.2.1 10.0.2.5
!
!
end
[/configs/router3.cfg]

[configs/switch2.cfg]
!RANCID-CONTENT-TYPE: cisco
!
hostname SW2
!
interface FastEthernet0/24
 switchport mode trunk
 switchport trunk allowed vlan 30,40
!
!
end
[/configs/switch2.cfg]

[configs/switch1.cfg]
!RANCID-CONTENT-TYPE: cisco
!
hostname SW1
!
interface FastEthernet0/24
 switchport mode trunk
 switchport trunk allowed vlan 10,20
!
!
end
[/configs/switch1.cfg]"
Llama-3.1-8B-Instruct,"[configs/router3.cfg]
!RANCID-CONTENT-TYPE: cisco
!
hostname R3
!
ntp server 10.0.23.2
!
end
[/configs/router3.cfg]"
Llama-3.1-8B-Instruct,"[configs/router2.cfg]
!RANCID-CONTENT-TYPE: cisco
!
hostname R2
!
logging console informational
!
end
[/configs/router2.cfg]"
Llama-3.1-8B-Instruct,"[configs/router4.cfg]
!RANCID-CONTENT-TYPE: cisco
!
hostname R4
!
interface Ethernet0/2
 cdp run
!
!
end
[/configs/router4.cfg]"
Llama-3.1-8B-Instruct,"[configs/router3.cfg]
!RANCID-CONTENT-TYPE: cisco
!
hostname R3
!
hostname Edge-R3
!
end
[/configs/router3.cfg]"
Llama-3.1-8B-Instruct,None
Llama-3.1-8B-Instruct,"[configs/router1.cfg]
!RANCID-CONTENT-TYPE: cisco
!
hostname R1
!
router ospf 1
 network 10.0.1.0 0.0.0.255 area 0
 network 10.0.12.0 0.0.0.255 area 0
 network 10.0.14.0 0.0.0.255 area 0
!
!
end
[/configs/router1.cfg]

[configs/router2.cfg]
!RANCID-CONTENT-TYPE: cisco
!
hostname R2
!
router ospf 1
 network 10.0.12.0 0.0.0.255 area 0
 network 10.0.23.0 0.0.0.255 area 0
 network 10.0.24.0 0.0.0.255 area 0
!
!
end
[/configs/router2.cfg]

[configs/router3.cfg]
!RANCID-CONTENT-TYPE: cisco
!
hostname R3
!
router ospf 1
 network 10.0.23.0 0.0.0.255 area 0
 network 10.0.2.0 0.0.0.255 area 0
 network 10.0.34.0 0.0.0.255 area 0
!
!
end
[/configs/router3.cfg]

[configs/router4.cfg]
!RANCID-CONTENT-TYPE: cisco
!
hostname R4
!
router ospf 1
 network 10.0.14.0 0.0.0.255 area 0
 network 10.0.24.0 0.0.0.255 area 0
 network 10.0.34.0 0.0.0.255 area 0
!
!
end
[/configs/router4.cfg]"
Llama-3.1-8B-Instruct,"[configs/router1.cfg]
!RANCID-CONTENT-TYPE: cisco
!
hostname R1
!
interface Ethernet0/1
 ip ospf authentication-key ospfkey
 ip ospf authentication
!
!
end
[/configs/router1.cfg]

[configs/router2.cfg]
!RANCID-CONTENT-TYPE: cisco
!
hostname R2
!
interface Ethernet0/0
 ip ospf authentication-key ospfkey
 ip ospf authentication
!
!
end
[/configs/router2.cfg]"
Llama-3.1-8B-Instruct,"[configs/router3.cfg]
!RANCID-CONTENT-TYPE: cisco
!
hostname R3
!
interface Ethernet0/2
 ip ospf hello-interval 5
 ip ospf dead-interval 20
!
!
end
[/configs/router3.cfg]

[configs/router4.cfg]
!RANCID-CONTENT-TYPE: cisco
!
hostname R4
!
interface Ethernet0/2
 ip ospf hello-interval 5
 ip ospf dead-interval 20
!
!
end
[/configs/router4.cfg]"
Llama-3.1-8B-Instruct,"[configs/router1.cfg]
!RANCID-CONTENT-TYPE: cisco
!
hostname R1
!
interface loopback0
 ip address 10.0.1.11 255.255.255.255
!
!
end
[/configs/router1.cfg]

[configs/router2.cfg]
!RANCID-CONTENT-TYPE: cisco
!
hostname R2
!
interface loopback0
 ip address 10.0.12.11 255.255.255.255
!
!
end
[/configs/router2.cfg]

[configs/router3.cfg]
!RANCID-CONTENT-TYPE: cisco
!
hostname R3
!
interface loopback0
 ip address 10.0.23.11 255.255.255.255
!
!
end
[/configs/router3.cfg]

[configs/router4.cfg]
!RANCID-CONTENT-TYPE: cisco
!
hostname R4
!
interface loopback0
 ip address 10.0.24.11 255.255.255.255
!
!
end
[/configs/router4.cfg]"
Llama-3.1-8B-Instruct,"[configs/router2.cfg]
!RANCID-CONTENT-TYPE: cisco
!
hostname R2
!
interface Ethernet0/2
 ip ospf cost 200
!
!
end
[/configs/router2.cfg]

[configs/router4.cfg]
!RANCID-CONTENT-TYPE: cisco
!
hostname R4
!
interface Ethernet0/1
 ip ospf cost 200
!
!
end
[/configs/router4.cfg]"
Llama-3.1-8B-Instruct,"[configs/router1.cfg]
!RANCID-CONTENT-TYPE: cisco
!
hostname R1
!
router ospf 1
 passive-interface Ethernet0/0
!
!
end
[/configs/router1.cfg]

[configs/router3.cfg]
!RANCID-CONTENT-TYPE: cisco
!
hostname R3
!
router ospf 1
 passive-interface Ethernet0/2
!
!
end
[/configs/router3.cfg]"
Llama-3.1-8B-Instruct,"[configs/router2.cfg]
!RANCID-CONTENT-TYPE: cisco
!
hostname R2
!
no router ospf 1
!
end
[/configs/router2.cfg]

[configs/router4.cfg]
!RANCID-CONTENT-TYPE: cisco
!
hostname R4
!
no router ospf 1
!
end
[/configs/router4.cfg]"
Llama-3.1-8B-Instruct,"[configs/router1.cfg]
!RANCID-CONTENT-TYPE: cisco
!
hostname R1
!
ip route 10.0.2.0 255.255.255.0 10.0.23.1
ip route 10.0.34.0 255.255.255.0 10.0.23.1
!
end
[/configs/router1.cfg]

[configs/router3.cfg]
!RANCID-CONTENT-TYPE: cisco
!
hostname R3
!
ip route 10.0.1.0 255.255.255.0 10.0.23.2
ip route 10.0.12.0 255.255.255.0 10.0.23.2
!
end
[/configs/router3.cfg]"
Llama-3.1-8B-Instruct,"[configs/router2.cfg]
!RANCID-CONTENT-TYPE: cisco
!
hostname R2
!
ip route 0.0.0.0 0.0.0.0 10.0.12.1
!
end
[/configs/router2.cfg]

[configs/router4.cfg]
!RANCID-CONTENT-TYPE: cisco
!
hostname R4
!
ip route 0.0.0.0 0.0.0.0 10.0.14.1
!
end
[/configs/router4.cfg]"
Llama-3.1-8B-Instruct,"[configs/router2.cfg]
!RANCID-CONTENT-TYPE: cisco
!
hostname R2
!
ip route 10.0.14.0 255.255.255.0 10.0.24.2
!
end
[/configs/router2.cfg]

[configs/router3.cfg]
!RANCID-CONTENT-TYPE: cisco
!
hostname R3
!
ip route 10.0.14.0 255.255.255.0 10.0.34.2
!
end
[/configs/router3.cfg]"
Llama-3.1-8B-Instruct,"[configs/router1.cfg]
!RANCID-CONTENT-TYPE: cisco
!
hostname R1
!
ip route 10.0.23.0 255.255.255.0 10.0.12.2
!
end
[/configs/router1.cfg]

[configs/router4.cfg]
!RANCID-CONTENT-TYPE: cisco
!
hostname R4
!
ip route 10.0.23.0 255.255.255.0 10.0.24.1
!
end
[/configs/router4.cfg]"
Llama-3.1-8B-Instruct,"[configs/router3.cfg]
!RANCID-CONTENT-TYPE: cisco
!
hostname R3
!
no ip route 10.0.1.0 255.255.255.0 10.0.23.1
!
end
[/configs/router3.cfg]

[configs/router4.cfg]
!RANCID-CONTENT-TYPE: cisco
!
hostname R4
!
no ip route 10.0.1.0 255.255.255.0 10.0.24.1
!
end
[/configs/router4.cfg]"
Llama-3.1-8B-Instruct,"[configs/router1.cfg]
!RANCID-CONTENT-TYPE: cisco
!
hostname R1
!
ip route 10.0.34.0 255.255.255.0 10.0.14.2
!
end
[/configs/router1.cfg]

[configs/router2.cfg]
!RANCID-CONTENT-TYPE: cisco
!
hostname R2
!
ip route 10.0.34.0 255.255.255.0 10.0.14.2
!
end
[/configs/router2.cfg]"
Llama-3.1-8B-Instruct,"[configs/router1.cfg]
!RANCID-CONTENT-TYPE: cisco
!
hostname R1
!
interface Ethernet0/0
 ip nat inside
!
interface Ethernet0/1
 ip nat outside
!
ip nat inside source list 1 interface Ethernet0/1 overload
ip access-list extended NAT_ACL
 permit ip any any
!
ip route 0.0.0.0 0.0.0.0 10.0.12.2
!
end
[/configs/router1.cfg]"
Llama-3.1-8B-Instruct,"[configs/router3.cfg]
!RANCID-CONTENT-TYPE: cisco
!
hostname R3
!
interface Ethernet0/2
 ip nat inside
!
interface Ethernet0/0
 ip nat outside
!
ip nat inside source list 1 interface Ethernet0/0 overload
ip access-list extended NAT_ACL
 permit ip any any
!
!
end
[/configs/router3.cfg]"
Llama-3.1-8B-Instruct,"[configs/router2.cfg]
!RANCID-CONTENT-TYPE: cisco
!
hostname R2
!
ip access-list extended DENY_TELNET
 deny tcp 10.0.12.0 0.0.0.255 10.0.23.0 0.0.0.255 eq 23
 permit ip any any
!
interface Ethernet0/0
 ip access-group DENY_TELNET in
!
!
end
[/configs/router2.cfg]"
Llama-3.1-8B-Instruct,"[configs/router1.cfg]
!RANCID-CONTENT-TYPE: cisco
!
hostname R1
!
ip access-list extended SSH_ACCESS
 permit tcp 10.0.12.0 0.0.0.255 any eq 22
!
!
end
[/configs/router1.cfg]

[configs/router3.cfg]
!RANCID-CONTENT-TYPE: cisco
!
hostname R3
!
ip access-list extended SSH_ACCESS
 permit tcp 10.0.12.0 0.0.0.255 any eq 22
!
!
end
[/configs/router3.cfg]"
Llama-3.1-8B-Instruct,"[configs/router1.cfg]
!RANCID-CONTENT-TYPE: cisco
!
hostname R1
!
ip nat inside source static 10.0.1.10 10.0.12.100
!
end
[/configs/router1.cfg]

[configs/router3.cfg]
!RANCID-CONTENT-TYPE: cisco
!
hostname R3
!
ip nat inside source static 10.0.2.10 10.0.23.100
!
end
[/configs/router3.cfg]"
Llama-3.1-8B-Instruct,"[configs/router4.cfg]
!RANCID-CONTENT-TYPE: cisco
!
hostname R4
!
ip access-list extended HTTP_ACCESS
 permit tcp 10.0.14.0 0.0.0.255 any eq 80
 permit tcp 10.0.14.0 0.0.0.255 any eq 443
!
interface Ethernet0/0
 ip access-group HTTP_ACCESS out
!
!
end
[/configs/router4.cfg]"
Llama-3.1-8B-Instruct,"[configs/router3.cfg]
!RANCID-CONTENT-TYPE: cisco
!
hostname R3
!
ip access-list standard PERMIT_LAN2
 permit 10.0.2.0 0.0.0.255
!
interface Ethernet0/2
 ip access-group PERMIT_LAN2 in
 no ip access-group out
!
!
end
[/configs/router3.cfg]"
Llama-3.1-8B-Instruct,"[configs/router1.cfg]
!RANCID-CONTENT-TYPE: cisco
!
hostname R1
!
ip domain-name corp.net
ip ssh version 2
ip ssh server algorithm group 18
!
end
[/configs/router1.cfg]

[configs/router3.cfg]
!RANCID-CONTENT-TYPE: cisco
!
hostname R3
!
ip domain-name corp.net
ip ssh version 2
ip ssh server algorithm group 18
!
end
[/configs/router3.cfg]"
Llama-3.1-8B-Instruct,"[configs/router2.cfg]
!RANCID-CONTENT-TYPE: cisco
!
hostname R2
!
line vty 0 4
 transport input ssh
 login local
!
!
end
[/configs/router2.cfg]

[configs/router4.cfg]
!RANCID-CONTENT-TYPE: cisco
!
hostname R4
!
line vty 0 4
 transport input ssh
 login local
!
!
end
[/configs/router4.cfg]"
Llama-3.1-8B-Instruct,"[configs/router1.cfg]
!RANCID-CONTENT-TYPE: cisco
!
hostname R1
!
no cdp run
!
end
[/configs/router1.cfg]

[configs/router2.cfg]
!RANCID-CONTENT-TYPE: cisco
!
hostname R2
!
no cdp run
!
end
[/configs/router2.cfg]"
Llama-3.1-8B-Instruct,"[configs/router3.cfg]
!RANCID-CONTENT-TYPE: cisco
!
hostname R3
!
ip access-list extended DENY_SNMP
 deny udp any any eq 161
 permit ip any any
 ip access-group DENY_SNMP in
!
snmp-server community readonly RO
!
end
[/configs/router3.cfg]

[configs/router4.cfg]
!RANCID-CONTENT-TYPE: cisco
!
hostname R4
!
ip access-list extended DENY_SNMP
 deny udp any any eq 161
 permit ip any any
 ip access-group DENY_SNMP in
!
snmp-server community readonly RO
!
end
[/configs/router4.cfg]"
Llama-3.1-8B-Instruct,"[configs/router1.cfg]
!RANCID-CONTENT-TYPE: cisco
!
hostname R1
!
enable secret pass1
!
end
[/configs/router1.cfg]

[configs/router2.cfg]
!RANCID-CONTENT-TYPE: cisco
!
hostname R2
!
enable secret pass2
!
end
[/configs/router2.cfg]

[configs/router3.cfg]
!RANCID-CONTENT-TYPE: cisco
!
hostname R3
!
enable secret pass3
!
end
[/configs/router3.cfg]

[configs/router4.cfg]
!RANCID-CONTENT-TYPE: cisco
!
hostname R4
!
enable secret pass4
!
end
[/configs/router4.cfg]"
Llama-3.1-8B-Instruct,"[configs/router2.cfg]
!RANCID-CONTENT-TYPE: cisco
!
hostname R2
!
logging 10.0.12.1
!
end
[/configs/router2.cfg]

[configs/router3.cfg]
!RANCID-CONTENT-TYPE: cisco
!
hostname R3
!
logging 10.0.12.1
!
end
[/configs/router3.cfg]

[configs/router4.cfg]
!RANCID-CONTENT-TYPE: cisco
!
hostname R4
!
logging 10.0.12.1
!
end
[/configs/router4.cfg]"
Llama-3.1-8B-Instruct,"[configs/router2.cfg]
!RANCID-CONTENT-TYPE: cisco
!
hostname R2
!
ntp server 10.0.1.1
!
end
[/configs/router2.cfg]

[configs/router3.cfg]
!RANCID-CONTENT-TYPE: cisco
!
hostname R3
!
ntp server 10.0.1.1
!
end
[/configs/router3.cfg]

[configs/router4.cfg]
!RANCID-CONTENT-TYPE: cisco
!
hostname R4
!
ntp server 10.0.1.1
!
end
[/configs/router4.cfg]"
Llama-3.1-8B-Instruct,"[configs/router1.cfg]
!RANCID-CONTENT-TYPE: cisco
!
hostname R1
!
interface Ethernet0/0
 no ip proxy-arp
!
interface Ethernet0/1
 no ip proxy-arp
!
interface Ethernet0/2
 no ip proxy-arp
!
!
end
[/configs/router1.cfg]

[configs/router3.cfg]
!RANCID-CONTENT-TYPE: cisco
!
hostname R3
!
interface Ethernet0/0
 no ip proxy-arp
!
interface Ethernet0/1
 no ip proxy-arp
!
interface Ethernet0/2
 no ip proxy-arp
!
!
end
[/configs/router3.cfg]"
Llama-3.1-8B-Instruct,"[configs/router2.cfg]
!RANCID-CONTENT-TYPE: cisco
!
hostname R2
!
interface Ethernet0/1
 mtu 1400
!
!
end
[/configs/router2.cfg]

[configs/router3.cfg]
!RANCID-CONTENT-TYPE: cisco
!
hostname R3
!
interface Ethernet0/0
 mtu 1400
!
!
end
[/configs/router3.cfg]"
Llama-3.1-8B-Instruct,"[configs/router1.cfg]
!RANCID-CONTENT-TYPE: cisco
!
hostname R1
!
interface Ethernet0/2
 bandwidth 2000
!
!
end
[/configs/router1.cfg]

[configs/router4.cfg]
!RANCID-CONTENT-TYPE: cisco
!
hostname R4
!
interface Ethernet0/0
 bandwidth 2000
!
!
end
[/configs/router4.cfg]"
Llama-3.1-8B-Instruct,"[configs/router3.cfg]
!RANCID-CONTENT-TYPE: cisco
!
hostname R3
!
interface Ethernet0/1
 description Link to R4
!
!
end
[/configs/router3.cfg]

[configs/router4.cfg]
!RANCID-CONTENT-TYPE: cisco
!
hostname R4
!
interface Ethernet0/2
 description Link to R3
!
!
end
[/configs/router4.cfg]"
Llama-3.1-8B-Instruct,"[configs/router2.cfg]
!RANCID-CONTENT-TYPE: cisco
!
hostname R2
!
interface Ethernet0/2
 shutdown
!
!
end
[/configs/router2.cfg]

[configs/router4.cfg]
!RANCID-CONTENT-TYPE: cisco
!
hostname R4
!
interface Ethernet0/1
 shutdown
!
!
end
[/configs/router4.cfg]"
Llama-3.1-8B-Instruct,"[configs/router1.cfg]
!RANCID-CONTENT-TYPE: cisco
!
hostname R1
!
interface loopback0
 ip address 11.11.11.11 255.255.255.255
!
!
end
[/configs/router1.cfg]

[configs/router2.cfg]
!RANCID-CONTENT-TYPE: cisco
!
hostname R2
!
interface loopback0
 ip address 22.22.22.22 255.255.255.255
!
!
end
[/configs/router2.cfg]"
Llama-3.1-8B-Instruct,"[configs/switch1.cfg]
!RANCID-CONTENT-TYPE: cisco
!
hostname SW1
!
spanning-tree mode rapid-pvst
spanning-tree vlan 10 root primary
!
end
[/configs/switch1.cfg]

[configs/switch2.cfg]
!RANCID-CONTENT-TYPE: cisco
!
hostname SW2
!
spanning-tree mode rapid-pvst
spanning-tree vlan 30 root primary
!
end
[/configs/switch2.cfg]"
Llama-3.1-8B-Instruct,"[configs/router1.cfg]
!RANCID-CONTENT-TYPE: cisco
!
hostname R1
!
interface Ethernet0/0
 switchport mode trunk
 switchport trunk allowed vlan 10,20
 switchport trunk native vlan 10
!
!
end
[/configs/router1.cfg]

[configs/switch1.cfg]
!RANCID-CONTENT-TYPE: cisco
!
hostname SW1
!
interface Fa0/24
 switchport mode trunk
 switchport trunk allowed vlan 10,20
 switchport trunk native vlan 10
!
!
end
[/configs/switch1.cfg]

[configs/router3.cfg]
!RANCID-CONTENT-TYPE: cisco
!
hostname R3
!
interface Ethernet0/2
 switchport mode trunk
 switchport trunk allowed vlan 30,40
 switchport trunk native vlan 30
!
!
end
[/configs/router3.cfg]

[configs/switch2.cfg]
!RANCID-CONTENT-TYPE: cisco
!
hostname SW2
!
interface Fa0/24
 switchport mode trunk
 switchport trunk allowed vlan 30,40
 switchport trunk native vlan 30
!
!
end
[/configs/switch2.cfg]"
Llama-3.1-8B-Instruct,"[configs/router1.cfg]
!RANCID-CONTENT-TYPE: cisco
!
hostname R1
!
interface Ethernet0/0
 description Link to SW1
!
interface Ethernet0/1
 mtu 1500
!
interface Ethernet0/2
 mtu 1500
!
!
end
[/configs/router1.cfg]

[configs/router2.cfg]
!RANCID-CONTENT-TYPE: cisco
!
hostname R2
!
interface Ethernet0/0
 mtu 1500
!
interface Ethernet0/1
 mtu 1500
!
interface Ethernet0/2
 mtu 1500
!
!
end
[/configs/router2.cfg]

[configs/router3.cfg]
!RANCID-CONTENT-TYPE: cisco
!
hostname R3
!
interface Ethernet0/0
 mtu 1500
!
interface Ethernet0/1
 mtu 1500
!
interface Ethernet0/2
 mtu 1500
!
!
end
[/configs/router3.cfg]

[configs/switch1.cfg]
!RANCID-CONTENT-TYPE: cisco
!
hostname SW1
!
interface FastEthernet0/1
 switchport mode access
 switchport access vlan 10
!
interface FastEthernet0/24
 switchport mode trunk
 switchport trunk allowed vlan 10,20
!
interface Vlan 10
 ip address 10.0.1.2 255.255.255.0
 ip default-gateway 10.0.1.1
!
!
end
[/configs/switch1.cfg]

[configs/switch2.cfg]
!RANCID-CONTENT-TYPE: cisco
!
hostname SW2
!
interface FastEthernet0/1
 switchport mode access
 switchport access vlan 30
!
!
end
[/configs/switch2.cfg]"
Llama-3.1-8B-Instruct,"[configs/router1.cfg]
!RANCID-CONTENT-TYPE: cisco
!
hostname R1
!
interface Ethernet0/0
 switchport mode access
 switchport access vlan 10
!
interface Ethernet0/1
 switchport mode trunk
 switchport trunk allowed vlan 10,20
!
interface Ethernet0/2
 switchport mode trunk
 switchport trunk allowed vlan 10,20
!
!
end
[/configs/router1.cfg]

[configs/switch1.cfg]
!RANCID-CONTENT-TYPE: cisco
!
hostname SW1
!
interface fa0/1
 switchport mode access
 switchport access vlan 10
 switchport port-security
 switchport port-security maximum 1
 switchport port-security violation shutdown
!
interface fa0/24
 switchport mode trunk
 switchport trunk allowed vlan 10,20
!
!
end
[/configs/switch1.cfg]

[configs/router3.cfg]
!RANCID-CONTENT-TYPE: cisco
!
hostname R3
!
interface Ethernet0/2
 switchport mode trunk
 switchport trunk allowed vlan 30,40
!
!
end
[/configs/router3.cfg]

[configs/switch2.cfg]
!RANCID-CONTENT-TYPE: cisco
!
hostname SW2
!
interface fa0/1
 switchport mode access
 switchport access vlan 30
 switchport port-security
 switchport port-security maximum 1
 switchport port-security violation shutdown
!
interface fa0/24
 switchport mode trunk
 switchport trunk allowed vlan 30,40
!
!
end
[/configs/switch2.cfg]"
Llama-3.1-8B-Instruct,"[configs/router1.cfg]
!RANCID-CONTENT-TYPE: cisco
!
hostname R1
!
ip dhcp pool DHCP_POOL_10_0_1
 network 10.0.1.0 255.255.255.0
 exclude 10.0.1.1 10.0.1.9
 default-router 10.0.1.1
 dns-server 10.0.1.1
!
!
end
[/configs/router1.cfg]

[configs/router3.cfg]
!RANCID-CONTENT-TYPE: cisco
!
hostname R3
!
ip dhcp pool DHCP_POOL_10_0_2
 network 10.0.2.0 255.255.255.0
 exclude 10.0.2.1 10.0.2.9
 default-router 10.0.2.1
 dns-server 10.0.2.1
!
!
end
[/configs/router3.cfg]"
Llama-3.1-8B-Instruct,"[configs/switch1.cfg]
!RANCID-CONTENT-TYPE: cisco
!
hostname SW1
!
interface fa0/1
 spanning-tree portfast
!
!
end
[/configs/switch1.cfg]

[configs/switch2.cfg]
!RANCID-CONTENT-TYPE: cisco
!
hostname SW2
!
interface fa0/1
 spanning-tree portfast
!
!
end
[/configs/switch2.cfg]"
Llama-3.1-8B-Instruct,"[configs/switch1.cfg]
!RANCID-CONTENT-TYPE: cisco
!
hostname SW1
!
vlan database
 vlan 20
!
interface fa0/24
 switchport mode trunk
 switchport trunk allowed vlan add 20
!
!
end
[/configs/switch1.cfg]

[configs/switch2.cfg]
!RANCID-CONTENT-TYPE: cisco
!
hostname SW2
!
vlan database
 vlan 40
!
interface fa0/24
 switchport mode trunk
 switchport trunk allowed vlan add 40
!
!
end
[/configs/switch2.cfg]"
Llama-3.1-8B-Instruct,"[configs/router1.cfg]
!RANCID-CONTENT-TYPE: cisco
!
hostname R1
!
interface Ethernet0/0
 ip address 10.0.12.1 255.255.255.0
 description Link to SW1
 duplex auto
 speed auto
!
!
end
[/configs/router1.cfg]

[configs/router2.cfg]
!RANCID-CONTENT-TYPE: cisco
!
hostname R2
!
interface Ethernet0/0
 ip address 10.0.12.2 255.255.255.0
 duplex auto
 speed auto
!
!
end
[/configs/router2.cfg]"
Llama-3.1-8B-Instruct,"[configs/router2.cfg]
!RANCID-CONTENT-TYPE: cisco
!
hostname R2
!
interface Ethernet0/1
 ip address 10.0.23.2 255.255.255.0
 duplex auto
 speed auto
!
!
end
[/configs/router2.cfg]

[configs/router3.cfg]
!RANCID-CONTENT-TYPE: cisco
!
hostname R3
!
interface Ethernet0/0
 ip address 10.0.23.1 255.255.255.0
 duplex auto
 speed auto
!
!
end
[/configs/router3.cfg]"
Llama-3.1-8B-Instruct,"[configs/router1.cfg]
!RANCID-CONTENT-TYPE: cisco
!
hostname R1
!
interface Ethernet0/0
 ip address 10.0.14.1 255.255.255.0
 duplex auto
 speed auto
!
interface Ethernet0/2
 ip address 10.0.24.1 255.255.255.0
 duplex auto
 speed auto
!
!
end
[/configs/router1.cfg]

[configs/router4.cfg]
!RANCID-CONTENT-TYPE: cisco
!
hostname R4
!
interface Ethernet0/0
 ip address 10.0.14.2 255.255.255.0
 duplex auto
 speed auto
!
!
end
[/configs/router4.cfg]

[configs/router2.cfg]
!RANCID-CONTENT-TYPE: cisco
!
hostname R2
!
interface Ethernet0/2
 ip address 10.0.24.2 255.255.255.0
 duplex auto
 speed auto
!
!
end
[/configs/router2.cfg]"
Llama-3.1-8B-Instruct,"[configs/router1.cfg]
!RANCID-CONTENT-TYPE: cisco
!
hostname R1
!
hostname Router-R1
enable secret sec1
!
end
[/configs/router1.cfg]

[configs/router2.cfg]
!RANCID-CONTENT-TYPE: cisco
!
hostname R2
!
hostname Router-R2
enable secret sec2
!
end
[/configs/router2.cfg]

[configs/router3.cfg]
!RANCID-CONTENT-TYPE: cisco
!
hostname R3
!
hostname Router-R3
enable secret sec3
!
end
[/configs/router3.cfg]

[configs/router4.cfg]
!RANCID-CONTENT-TYPE: cisco
!
hostname R4
!
hostname Router-R4
enable secret sec4
!
end
[/configs/router4.cfg]"
Llama-3.1-8B-Instruct,"[configs/router1.cfg]
!RANCID-CONTENT-TYPE: cisco
!
hostname R1
!
ntp server 10.0.1.1
clock timezone UTC
!
end
[/configs/router1.cfg]

[configs/router2.cfg]
!RANCID-CONTENT-TYPE: cisco
!
hostname R2
!
ntp server 10.0.1.1
clock timezone UTC
!
end
[/configs/router2.cfg]

[configs/router3.cfg]
!RANCID-CONTENT-TYPE: cisco
!
hostname R3
!
ntp server 10.0.1.1
clock timezone UTC
!
end
[/configs/router3.cfg]

[configs/router4.cfg]
!RANCID-CONTENT-TYPE: cisco
!
hostname R4
!
ntp server 10.0.1.1
clock timezone UTC
!
end
[/configs/router4.cfg]"
Llama-3.1-8B-Instruct,"[configs/router1.cfg]
!RANCID-CONTENT-TYPE: cisco
!
hostname R1
!
ip arp 10.0.1.10 0050.7966.6800
!
end
[/configs/router1.cfg]

[configs/router3.cfg]
!RANCID-CONTENT-TYPE: cisco
!
hostname R3
!
ip arp 10.0.2.10 0050.7966.6801
!
end
[/configs/router3.cfg]"
Llama-3.1-8B-Instruct,"[configs/router2.cfg]
!RANCID-CONTENT-TYPE: cisco
!
hostname R2
!
no ip dhcp server
!
end
[/configs/router2.cfg]

[configs/router4.cfg]
!RANCID-CONTENT-TYPE: cisco
!
hostname R4
!
no ip dhcp server
!
end
[/configs/router4.cfg]"
Llama-3.1-8B-Instruct,None
Llama-3.1-8B-Instruct,"[configs/router1.cfg]
!RANCID-CONTENT-TYPE: cisco
!
hostname R1
!
interface Ethernet0/1
 ip ospf authentication key-chain 1
 ip ospf authentication message-digest-key 1 md5 md5pass
!
!
end
[/configs/router1.cfg]

[configs/router2.cfg]
!RANCID-CONTENT-TYPE: cisco
!
hostname R2
!
interface Ethernet0/0
 ip ospf authentication key-chain 1
 ip ospf authentication message-digest-key 1 md5 md5pass
!
!
end
[/configs/router2.cfg]"
Llama-3.1-8B-Instruct,"[configs/switch1.cfg]
!RANCID-CONTENT-TYPE: cisco
!
hostname SW1
!
interface fa0/1
 storm-control broadcast level 15
!
!
end
[/configs/switch1.cfg]

[configs/switch2.cfg]
!RANCID-CONTENT-TYPE: cisco
!
hostname SW2
!
interface fa0/1
 storm-control broadcast level 15
!
!
end
[/configs/switch2.cfg]"
Llama-3.1-8B-Instruct,"[configs/router1.cfg]
!RANCID-CONTENT-TYPE: cisco
!
hostname R1
!
interface Ethernet0/0
 arp timeout 120
!
!
end
[/configs/router1.cfg]"
Llama-3.1-8B-Instruct,"[configs/router2.cfg]
!RANCID-CONTENT-TYPE: cisco
!
hostname R2
!
router ospf 1
 passive-interface default
 no passive-interface Ethernet0/0
!
interface Ethernet0/0
 ip ospf area 0
!
interface Ethernet0/1
 ip ospf area 0
!
interface Ethernet0/2
 ip ospf area 0
!
!
end
[/configs/router2.cfg]"
Llama-3.1-8B-Instruct,"[configs/router4.cfg]
!RANCID-CONTENT-TYPE: cisco
!
hostname R4
!
ip arp 10.0.14.1 0050.7966.6802
!
end
[/configs/router4.cfg]"
Llama-3.1-8B-Instruct,None
Llama-3.1-8B-Instruct,"[configs/router3.cfg]
!RANCID-CONTENT-TYPE: cisco
!
hostname R3
!
interface Ethernet0/2
 ip address 10.0.34.3 255.255.255.0
 no shutdown
!
!
end
[/configs/router3.cfg]

[configs/router4.cfg]
!RANCID-CONTENT-TYPE: cisco
!
hostname R4
!
interface Ethernet0/2
 ip address 10.0.34.4 255.255.255.0
 no shutdown
!
!
end
[/configs/router4.cfg]"
Zephyr-7B,None
Zephyr-7B,None
Zephyr-7B,None
Zephyr-7B,None
Zephyr-7B,None
Zephyr-7B,None
Zephyr-7B,None
Zephyr-7B,None
Zephyr-7B,None
Zephyr-7B,None
Zephyr-7B,None
Zephyr-7B,"[configs/router4.cfg]
!RANCID-CONTENT-TYPE: cisco
!
hostname R4
!
ip route 0.0.0.0 0.0.0.0 10.0.14.1
!
end
[/configs/router4.cfg]

[configs/router1.cfg]
!RANCID-CONTENT-TYPE: cisco
!
hostname R1
!
router ospf 1
 network 10.0.1.0 0.0.0.255 area 0
 network 10.0.12.0 0.0.0.255 area 0
 network 10.0.14.0 0.0.0.255 area 0
 router-id 10.0.1.1
!
!
end
[/configs/router1.cfg]

[configs/router2.cfg]
!RANCID-CONTENT-TYPE: cisco
!
hostname R2
!
router ospf 1
 network 10.0.12.0 0.0.0.255 area 0
 network 10.0.23.0 0.0.0.255 area 0
 network 10.0.24.0 0.0.0.255 area 0
 router-id 10.0.1.2
!
!
end
[/configs/router2.cfg]

[configs/router3.cfg]
!RANCID-CONTENT-TYPE: cisco
!
hostname R3
!
router ospf 1
 network 10.0.23.0 0.0.0.255 area 0
 network 10.0.34.0 0.0.0.255 area 0
 router-id 10.0.1.3
!
!
end
[/configs/router3.cfg]"
Zephyr-7B,None
Zephyr-7B,None
Zephyr-7B,None
Zephyr-7B,None
Zephyr-7B,None
Zephyr-7B,None
Zephyr-7B,None
Zephyr-7B,None
Zephyr-7B,"[configs/router1.cfg]
!RANCID-CONTENT-TYPE: cisco
!
hostname R1
!
ip access-list extended DENY_TELNET
 deny tcp 10.0.1.0 0.0.0.255 any eq 23
 permit ip any any
!
router ospf 1
 network 10.0.1.0 0.0.0.255 area 0
 network 10.0.12.0 0.0.0.255 area 0
 network 10.0.14.0 0.0.0.255 area 0
!
!
end
[/configs/router1.cfg]

[configs/router2.cfg]
!RANCID-CONTENT-TYPE: cisco
!
hostname R2
!
router ospf 1
 network 10.0.12.0 0.0.0.255 area 0
 network 10.0.23.0 0.0.0.255 area 0
 network 10.0.24.0 0.0.0.255 area 0
!
!
end
[/configs/router2.cfg]

[configs/router3.cfg]
!RANCID-CONTENT-TYPE: cisco
!
hostname R3
!
router ospf 1
 network 10.0.23.0 0.0.0.255 area 0
 network 10.0.34.0 0.0.0.255 area 0
 network 10.0.2.0 0.0.0.255 area 0
!
!
end
[/configs/router3.cfg]"
Zephyr-7B,"[configs/router1.cfg]
!RANCID-CONTENT-TYPE: cisco
!
hostname R1
!
access-list 101 extended DENY_TELNET
interface Ethernet0/0
 ip address 10.0.1.1 255.255.255.0
 ip access-group 101 in
!
router ospf 1
 router-id 10.0.1.1
 network 10.0.1.0 0.0.0.255 area 0
 network 10.0.12.0 0.0.0.255 area 0
 network 10.0.14.0 0.0.0.255 area 0
!
!
end
[/configs/router1.cfg]

[configs/router2.cfg]
!RANCID-CONTENT-TYPE: cisco
!
hostname R2
!
router ospf 1
 router-id 10.0.1.2
 network 10.0.12.0 0.0.0.255 area 0
 network 10.0.23.0 0.0.0.255 area 0
 network 10
!
!
end
[/configs/router2.cfg]"
Zephyr-7B,"[configs/router3.cfg]
!RANCID-CONTENT-TYPE: cisco
!
hostname R3
!
ip access-list standard ALLOW_2
 permit ip 10.0.2.0 0.0.0.255
!
router ospf 1
 network 10.0.2.0 0.0.0.255 area 0
 network 10.0.23.0 0.0.0.255 area 0
!
!
end
[/configs/router3.cfg]

[configs/router1.cfg]
!RANCID-CONTENT-TYPE: cisco
!
hostname R1
!
router ospf 1
 network 10.0.1.1 0.0.0.255 area 0
 network 10.0.12.0 0.0.0.255 area 0
 network 10.0.14.0 0.0.0.255 area 0
!
!
end
[/configs/router1.cfg]

[configs/router2.cfg]
!RANCID-CONTENT-TYPE: cisco
!
hostname R2
!
router ospf 1
 network 10.0.12.0 0.0.0.255 area 0
 network 10.0.23.0 0.0.0.255 area 0
 network 10.0.24.0 0.0.0.255 area 0
!
!
end
[/configs/router2.cfg]"
Zephyr-7B,"[configs/router4.cfg]
!RANCID-CONTENT-TYPE: cisco
!
hostname R4
!
ip access-list extended DENY_ICMP
 deny icmp any 10.0.14.0 0.0.0.255
 permit ip any any
!
router ospf 1
 network 10.0.14.0 0.0.0.255 area 0
!
!
end
[/configs/router4.cfg]

[configs/router1.cfg]
!RANCID-CONTENT-TYPE: cisco
!
hostname R1
!
router ospf 1
 network 10.0.1.1 0.0.0.0 area 0
 network 10.0.12.0 0.0.0.255 area 0
!
!
end
[/configs/router1.cfg]

[configs/router2.cfg]
!RANCID-CONTENT-TYPE: cisco
!
hostname R2
!
router ospf 1
 network 10.0.12.0 0.0.0.255 area 0
 network 10.0.23.0 0.0.0.255 area 0
!
!
end
[/configs/router2.cfg]

[configs/switch1.cfg]
!RANCID-CONTENT-TYPE: cisco
!
hostname SW1
!
vlan 20
 name VLAN_20
!
interface Fa0/24
 switch
!
!
end
[/configs/switch1.cfg]"
Zephyr-7B,None
Zephyr-7B,None
Zephyr-7B,None
Zephyr-7B,"[configs/router2.cfg]
!RANCID-CONTENT-TYPE: cisco
!
hostname R2
!
line console 0
 password mypassword
!
router ospf 1
 network 10.0.12.0 0.0.0.255 area 0
 network 10.0.23.0 0.0.0.255 area 0
 network 10.0.24.0 0.0.0.255 area 0
!
!
end
[/configs/router2.cfg]

[configs/router1.cfg]
!RANCID-CONTENT-TYPE: cisco
!
hostname R1
!
router ospf 1
 network 10.0.1.0 0.0.0.255 area 0
 network 10.0.12.0 0.0.0.255 area 0
 network 10.0.14.0 0.0.0.255 area 0
!
!
end
[/configs/router1.cfg]

[configs/router3.cfg]
!RANCID-CONTENT-TYPE: cisco
!
hostname R3
!
router ospf 1
 network 10.0.23.0 0.0.0.255 area 0
 network 10.0.24.0 0.0.0.255 area 0
 network 10.0.34.0 0.0.0.255 area 0
!
!
end
[/configs/router3.cfg]

[configs/switch1.cfg]
!RANCID-CONTENT-TYPE: cisco
!
hostname SW1
!
vlan 2
!
!
end
[/configs/switch1.cfg]"
Zephyr-7B,None
Zephyr-7B,None
Zephyr-7B,"[configs/switch2.cfg]
!RANCID-CONTENT-TYPE: cisco
!
hostname SW2
!
vlan 20
 name VLAN_20
!
interface Fa0/24
 switchport mode trunk
 switchport trunk allowed vlan 10, 20, 30, 40
!
!
end
[/configs/switch2.cfg]

[configs/router1.cfg]
!RANCID-CONTENT-TYPE: cisco
!
hostname R1
!
router ospf 1
 network 10.0.1.0 0.0.0.255 area 0
 network 10.0.12.0 0.0.0.255 area 0
!
!
end
[/configs/router1.cfg]

[configs/router2.cfg]
!RANCID-CONTENT-TYPE: cisco
!
hostname R2
!
router ospf 1
 network 10.0.12.0 0.0.0.255 area 0
 network 10.0.23.0 0.0.0.255 area 0
!
!
end
[/configs/router2.cfg]

[configs/router3.cfg]
!RANCID-CONTENT-TYPE: cisco
!
hostname R3
!
router ospf 1
 network 10.0.23.0 0.0.0.255 area 0
 network 10.0.24.0 0.0.0.255 area 0
!
!
end
[/configs/router3.cfg]

[configs/router4.cfg]
!RANCID-CONTENT-TYPE: cisco
!
hostname R4
!
ip route 10.0.34.0 255.255.255.0 10.0
!
end
[/configs/router4.cfg]"
Zephyr-7B,None
Zephyr-7B,"[configs/switch2.cfg]
!RANCID-CONTENT-TYPE: cisco
!
hostname SW2
!
spanning-tree mode pvst
spanning-tree vlan 40 root primary
!
end
[/configs/switch2.cfg]

[configs/router1.cfg]
!RANCID-CONTENT-TYPE: cisco
!
hostname R1
!
router ospf 1
 network 10.0.1.1 0.0.0.255 area 0
 network 10.0.12.0 0.0.0.255 area 0
!
!
end
[/configs/router1.cfg]

[configs/router2.cfg]
!RANCID-CONTENT-TYPE: cisco
!
hostname R2
!
router ospf 1
 network 10.0.12.0 0.0.0.255 area 0
 network 10.0.23.0 0.0.0.255 area 0
!
!
end
[/configs/router2.cfg]

[configs/router3.cfg]
!RANCID-CONTENT-TYPE: cisco
!
hostname R3
!
router ospf 1
 network 10.0.23.0 0.0.0.255 area 0
 network 10.0.24.0 0.0.0.255 area 0
!
!
end
[/configs/router3.cfg]

[configs/router4.cfg]
!RANCID-CONTENT-TYPE: cisco
!
hostname R4
!
ip dhcp pool POOL_34
 network 10.0.34.0 255.255.255.0
 range 100 200
!
!
end
[/configs/router4.cfg]"
Zephyr-7B,None
Zephyr-7B,None
Zephyr-7B,"[configs/switch2.cfg]
!RANCID-CONTENT-TYPE: cisco
!
hostname SW2
!
interface FastEthernet0/1
 storm-control broadcast level 10
!
!
end
[/configs/switch2.cfg]

[configs/router1.cfg]
!RANCID-CONTENT-TYPE: cisco
!
hostname R1
!
router ospf 1
 network 10.0.1.0 0.0.0.255 area 0
 network 10.0.12.0 0.0.0.255 area 0
 network 10.0.14.0 0.0.0.255 area 0
 router-id 10.0.1.1
!
!
end
[/configs/router1.cfg]

[configs/router2.cfg]
!RANCID-CONTENT-TYPE: cisco
!
hostname R2
!
router ospf 1
 network 10.0.12.0 0.0.0.255 area 0
 network 10.0.23.0 0.0.0.255 area 0
 network 10.0.24.0 0.0.0.255 area 0
 router-id 10.0.1.1
!
!
end
[/configs/router2.cfg]

[configs/router3.cfg]
!RANCID-CONTENT-TYPE: cisco
!
hostname R3
!
router ospf 1
 network 10.0.23.0 0.0.0.255 area 0
 network 10.0.24.0 0.0.0.255 area 0
 network 10.0.34.0 0.0.0.2
!
!
end
[/configs/router3.cfg]"
Zephyr-7B,"[configs/switch1.cfg]
!RANCID-CONTENT-TYPE: cisco
!
hostname SW1
!
interface FastEthernet0/24
 switchport mode trunk
 switchport trunk allowed vlan 10, 20
!
vlan 20
 name DEV_NET
!
!
end
[/configs/switch1.cfg]

[configs/router1.cfg]
!RANCID-CONTENT-TYPE: cisco
!
hostname R1
!
router ospf 1
 network 10.0.1.1 0.0.0.255 area 0
 network 10.0.12.0 0.0.0.255 area 0
!
!
end
[/configs/router1.cfg]

[configs/router2.cfg]
!RANCID-CONTENT-TYPE: cisco
!
hostname R2
!
router ospf 1
 network 10.0.12.0 0.0.0.255 area 0
 network 10.0.23.0 0.0.0.255 area 0
!
!
end
[/configs/router2.cfg]

[configs/router3.cfg]
!RANCID-CONTENT-TYPE: cisco
!
hostname R3
!
router ospf 1
 network 10.0.23.0 0.0.0.255 area 0
 network 10.0.34.0 0.0.0.255 area 0
!
!
end
[/configs/router3.cfg]

[configs/router4.cfg]
!RANCID-CONTENT-TYPE: cisco
!
hostname R4
!
ip route 10.0.34.0 255.255.255.
!
end
[/configs/router4.cfg]"
Zephyr-7B,"[configs/switch2.cfg]
!RANCID-CONTENT-TYPE: cisco
!
hostname SW2
!
interface FastEthernet0/1
 switchport mode access
 switchport vlan 30
 ip address 10.0.2.100 255.255.255.0
 spanning-tree portfast
 spanning-tree bpduguard enable
 switchport port-security
 switchport port-security maximum 2
!
!
end
[/configs/switch2.cfg]

[configs/router1.cfg]
!RANCID-CONTENT-TYPE: cisco
!
hostname R1
!
interface Ethernet0/1
 ip address 10.0.12.1 255.255.255.0
 no shutdown
!
!
end
[/configs/router1.cfg]

[configs/router2.cfg]
!RANCID-CONTENT-TYPE: cisco
!
hostname R2
!
interface Ethernet0/0
 ip address 10.0.12.2 255.255.255.0
 no shutdown
!
interface Ethernet0/1
 ip address 10.0.23.1 255.255.255.0
 no shutdown
!
interface Ethernet0/2
 ip address 10.0.24.1 255.255.255.0
 no shutdown
!
!
end
[/configs/router2.cfg]

[configs/router3.cfg]
!RANCID-CONTENT-TYPE: cisco
!
hostname R3
!
interface Ethernet0/0
 ip address 10.0.23.
!
!
end
[/configs/router3.cfg]"
Zephyr-7B,"[configs/router4.cfg]
!RANCID-CONTENT-TYPE: cisco
!
hostname R4
!
ip dhcp pool POOL_14
 network 10.0.14.0 255.255.255.0
 range 10.0.14.100 10.0.14.200
!
router ospf 1
 router-id 4.4.4.4
 network 10.0.14.0 0
!
!
end
[/configs/router4.cfg]

[configs/router1.cfg]
!RANCID-CONTENT-TYPE: cisco
!
hostname R1
!
router ospf 1
 router-id 1.1.1.1
 network 10.0.1.0 0.0.0.255 area 0
 network 10.0.12.0 0.0.0.255 area 0
 network 10.0.14.0 0.0.0.255 area 0
!
!
end
[/configs/router1.cfg]

[configs/router2.cfg]
!RANCID-CONTENT-TYPE: cisco
!
hostname R2
!
router ospf 1
 router-id 2.2.2.2
 network 10.0.12.0 0.0.0.255 area 0
 network 10.0.23.0 0.0.0.255 area 0
 network 10.0.24.0 0.0.0.255 area 0
!
!
end
[/configs/router2.cfg]"
Zephyr-7B,None
Zephyr-7B,None
Zephyr-7B,None
Zephyr-7B,None
Zephyr-7B,None
Zephyr-7B,"[configs/router4.cfg]
!RANCID-CONTENT-TYPE: cisco
!
hostname R4
!
interface Ethernet0/0
 ip address 10.0.14.2 255.255.255.0
 ip ospf network point-to-point
 ip ospf cost 64
 ip ospf network 10.0.14.0 0.0.0.255 area 0
 ip ospf network 10.0.24.0 0.0.0.255 area 0
 ip ospf network 10.0.34.0 0.0.0.255 area 0
!
interface Ethernet0/1
 ip address 10.0.24.2 255.255.255.0
 ip ospf network point-to-point
 ip ospf cost 64
 ip ospf network 10.0.24.0 0.0.0.255 area 0
 ip ospf network 10.0.34.0 0.0.0.255 area 0
!
interface Ethernet0/2
 ip address 10.0.14.2 255.255.255.0
 ip ospf network point-to-point
 ip ospf cost 64
 ip ospf network 10.0.
!
!
end
[/configs/router4.cfg]"
Zephyr-7B,"[configs/router1.cfg]
!RANCID-CONTENT-TYPE: cisco
!
hostname R1
!
router ospf 1
 network 10.0.1.0 0.0.0.255 area 0
 network 10.0.12.0 0.0.0.255 area 0
 network 10.0.14.0 0.0.0.255 area 0
!
!
end
[/configs/router1.cfg]

[configs/router2.cfg]
!RANCID-CONTENT-TYPE: cisco
!
hostname R2
!
router ospf 1
 network 10.0.12.0 0.0.0.255 area 0
 network 10.0.23.0 0.0.0.255 area 0
 network 10.0.24.0 0.0.0.255 area 0
!
!
end
[/configs/router2.cfg]

[configs/router3.cfg]
!RANCID-CONTENT-TYPE: cisco
!
hostname R3
!
router ospf 1
 network 10.0.23.0 0.0.0.255 area 0
 network 10.0.34.0 0.0.0.255 area 0
!
!
end
[/configs/router3.cfg]

[configs/router4.cfg]
!RANCID-CONTENT-TYPE: cisco
!
hostname R4
!
router ospf 1
 network 10.0.14.0 0.0.0.255 area 0
 network 10.0.24.0 0.0.0.255 area 0
!
!
end
[/configs/router4.cfg]"
Zephyr-7B,"[configs/router1.cfg]
!RANCID-CONTENT-TYPE: cisco
!
hostname R1
!
interface Ethernet0/1
 ip ospf authentication-key ospfkey
!
router ospf 1
 router-id 1.1.1.1
 area 0 range 10.0.1.0 255.255.255.0
 network 10.0.1.0 0.0.0.255 area 0
 network 10.0.12.0 0.0.0.255 area 0
 network 10.0.14.0 0.0.0.255 area 0
!
!
end
[/configs/router1.cfg]

[configs/router2.cfg]
!RANCID-CONTENT-TYPE: cisco
!
hostname R2
!
interface Ethernet0/0
 ip ospf authentication-key ospfkey
!
router ospf 1
 router-id 2.2.2.2
 area 0 range 10.0.12.0 255.255.255.0
 network 10.0.12.0 0.0.0.255 area 0
 network 10.0.23.0 0.0.0.255 area 0
 network 10.0.24.0 0.0.0.25
!
!
end
[/configs/router2.cfg]"
Zephyr-7B,None
Zephyr-7B,"[configs/router1.cfg]
!RANCID-CONTENT-TYPE: cisco
!
hostname R1
!
interface Loopback0
 ip address 10.0.1.254 255.255.255.254
 router ospf 1
 router-id Loopback0
!
router ospf 1
 network 10.0.1.254 0.0.0.0 area 0
 network 10.0.
!
!
end
[/configs/router1.cfg]

[configs/router2.cfg]
!RANCID-CONTENT-TYPE: cisco
!
hostname R2
!
interface Loopback0
 ip address 10.0.12.254 255.255.255.254
 router ospf 1
 router-id Loopback0
!
!
end
[/configs/router2.cfg]

[configs/router3.cfg]
!RANCID-CONTENT-TYPE: cisco
!
hostname R3
!
interface Loopback0
 ip address 10.0.23.254 255.255.255.254
 router ospf 1
 router-id Loopback0
!
!
end
[/configs/router3.cfg]

[configs/router4.cfg]
!RANCID-CONTENT-TYPE: cisco
!
hostname R4
!
interface Loopback0
 ip address 10.0.14.254 255.255.255.254
 router ospf 1
 router-id Loopback0
!
!
end
[/configs/router4.cfg]"
Zephyr-7B,"[configs/router2.cfg]
!RANCID-CONTENT-TYPE: cisco
!
hostname R2
!
interface Ethernet0/2
 ip ospf cost 200
!
router ospf 1
 network 10.0.12.0 0.0.0.255 area 0
 network 10.0.23.0 0.0.0.255 area 0
 network 10.0.24.0 0.0.0.255 area 0
!
!
end
[/configs/router2.cfg]

[configs/router4.cfg]
!RANCID-CONTENT-TYPE: cisco
!
hostname R4
!
interface Ethernet0/1
 ip ospf cost 200
!
!
end
[/configs/router4.cfg]

[configs/router1.cfg]
!RANCID-CONTENT-TYPE: cisco
!
hostname R1
!
router ospf 1
 network 10.0.1.0 0.0.0.255 area 0
 network 10.0.12.0 0.0.0.255 area 0
 network 10.0.14.0 0.0.0.255 area 0
!
!
end
[/configs/router1.cfg]

[configs/router3.cfg]
!RANCID-CONTENT-TYPE: cisco
!
hostname R3
!
router ospf 1
 network 10.0.23.0 0.0.0.255 area 0
 network 10.0.34.0 0.0.0.255 area 0
!
!
end
[/configs/router3.cfg]"
Zephyr-7B,"[configs/router1.cfg]
!RANCID-CONTENT-TYPE: cisco
!
hostname R1
!
interface Ethernet0/0
 ip ospf network point-to-point
 ospf cost 64
 ospf priority 128
 ospf shutdown
!
interface Ethernet0/2
 ip ospf network point-to-point
 ospf cost 64
 ospf priority 128
 ospf shutdown
!
router ospf 1
 network 10.0.1.1 0.0.0.255 area 1
 network 10.0.12.0 0.0.0.255 area 1
 network 10.0.14.0 0.0.0.255 area 1
!
!
end
[/configs/router1.cfg]

[configs/router3.cfg]
!RANCID-CONTENT-TYPE: cisco
!
hostname R3
!
interface Ethernet0/0
 ip ospf network point-to-point
 ospf cost 64
 ospf priority 128
 ospf shutdown
!
interface Ethernet0/2
 ip ospf network point-to-point
 ospf cost 64
 ospf priority 128
 ospf shutdown
!
router ospf 1
!
!
end
[/configs/router3.cfg]"
Zephyr-7B,None
Zephyr-7B,"[configs/router1.cfg]
!RANCID-CONTENT-TYPE: cisco
!
hostname R1
!
ip route 10.0.2.0 255.255.255.0 10.0.24.2
router ospf 1
 network 10.0.1.0 0.0.0.255 area 0 subarea-number 1
 network 10.0.12.0 0.0.0.255 area 0 subarea-number 1
!
!
end
[/configs/router1.cfg]

[configs/router3.cfg]
!RANCID-CONTENT-TYPE: cisco
!
hostname R3
!
ip route 10.0.1.0 255.255.255.0 10.0.24.1
router ospf 1
 network 10.0.23.0 0.0.0.255 area 0 subarea-number 2
 network 10.0.34.0 0.0.0.255 area 0 subarea-number 2
!
!
end
[/configs/router3.cfg]

[configs/router2.cfg]
!RANCID-CONTENT-TYPE: cisco
!
hostname R2
!
router ospf 1
 network 10.0.12.0 0.0.0.255 area 0 subarea-number 1
 network 10.0.23.0 0.0.0.255 area 0 subarea-number 1
!
!
end
[/configs/router2.cfg]"
Zephyr-7B,"[configs/router2.cfg]
!RANCID-CONTENT-TYPE: cisco
!
hostname R2
!
ip route 0.0.0.0 0.0.0.0 10.0.12.1
router ospf 1
 network 10.0.12.0 0.0.255 area 0
 network 10.0.23.0 0.0.255 area 0
!
!
end
[/configs/router2.cfg]

[configs/router4.cfg]
!RANCID-CONTENT-TYPE: cisco
!
hostname R4
!
ip route 0.0.0.0 0.0.0.0 10.0.14.1
!
end
[/configs/router4.cfg]

[configs/router1.cfg]
!RANCID-CONTENT-TYPE: cisco
!
hostname R1
!
router ospf 1
 network 10.0.1.0 0.0.255 area 0
 network 10.0.12.0 0.0.255 area 0
 network 10.0.14.0 0.0.255 area 0
!
!
end
[/configs/router1.cfg]

[configs/router3.cfg]
!RANCID-CONTENT-TYPE: cisco
!
hostname R3
!
router ospf 1
 network 10.0.23.0 0.0.255 area 0
 network 10.0.24.0 0.0.255 area 0
 network 10.0.34.0 0.0.255 area 0
!
!
end
[/configs/router3.cfg]"
Zephyr-7B,"[configs/router2.cfg]
!RANCID-CONTENT-TYPE: cisco
!
hostname R2
!
ip route 10.0.14.0 255.255.255.0 10.0.24.2
router ospf 1
 network 10.0.12.0 0.0.0.255 area 0 subarea-number 1
 network 10.0.23.0 0.0.0.255 area 0 subarea-number 1
 network 10.0.24.0 0.0.0.255 area 0 subarea-number 1
!
!
end
[/configs/router2.cfg]

[configs/router3.cfg]
!RANCID-CONTENT-TYPE: cisco
!
hostname R3
!
ip route 10.0.14.0 255.255.255.0 10.0.34.2
router ospf
!
!
end
[/configs/router3.cfg]

[configs/router1.cfg]
!RANCID-CONTENT-TYPE: cisco
!
hostname R1
!
router ospf 1
 network 10.0.1.0 0.0.0.255 area 0 subarea-number 1
 network 10.0.12.0 0.0.0.255 area 0 subarea-number 1
 network 10.0.14.0 0.0.0.255 area 0 subarea-number 1
!
!
end
[/configs/router1.cfg]"
Zephyr-7B,"[configs/router1.cfg]
!RANCID-CONTENT-TYPE: cisco
!
hostname R1
!
ip route 10.0.23.0 255.255.255.0 10.0.24.1
router ospf 1
 network 10.0.1.0 0.0.0.255 area 0
 network 10.0.12.0 0.0.0.255 area 0
 network 10.0.14.0 0.0.0.255 area 0
!
!
end
[/configs/router1.cfg]

[configs/router4.cfg]
!RANCID-CONTENT-TYPE: cisco
!
hostname R4
!
ip route 10.0.23.0 255.255.255.0 10.0.24.1
!
end
[/configs/router4.cfg]

[configs/router2.cfg]
!RANCID-CONTENT-TYPE: cisco
!
hostname R2
!
router ospf 1
 network 10.0.12.0 0.0.0.255 area 0
 network 10.0.23.0 0.0.0.255 area 0
!
!
end
[/configs/router2.cfg]

[configs/router3.cfg]
!RANCID-CONTENT-TYPE: cisco
!
hostname R3
!
router ospf 1
 network 10.0.23.0 0.0.0.255 area 0
 network 10.0.24.0 0.0.0.255 area 0
!
!
end
[/configs/router3.cfg]"
Zephyr-7B,None
Zephyr-7B,None
Zephyr-7B,"[configs/router1.cfg]
!RANCID-CONTENT-TYPE: cisco
!
hostname R1
!
interface Ethernet0/0
 ip address nat inside
 interface Ethernet0/1
 ip address nat outside 10.0.12.0 255.255.255.0
!
!
end
[/configs/router1.cfg]

[configs/router2.cfg]
!RANCID-CONTENT-TYPE: cisco
!
hostname R2
!
router ospf 1
 network 10.0.12.0 0.0.0.255 area 0
 network 10.0.23.0 0.0.0.255 area 0
!
!
end
[/configs/router2.cfg]

[configs/router3.cfg]
!RANCID-CONTENT-TYPE: cisco
!
hostname R3
!
router ospf 1
 network 10.0.23.0 0.0.0.255 area 0
 network 10.0.34.0 0.0.0.255 area 0
!
!
end
[/configs/router3.cfg]

[configs/switch1.cfg]
!RANCID-CONTENT-TYPE: cisco
!
hostname SW1
!
vlan 20
 name VLAN20
!
interface Fa0/24
 switchport mode trunk
 switchport trunk allowed vlan 10,20
!
!
end
[/configs/switch1.cfg]

[configs/switch2.cfg]
!RANCID-CONTENT-TYPE: cisco
!
hostname SW2
!
vlan 20
 name VLAN20
!
interface Fa0/24
 switchport mode trunk
!
!
end
[/configs/switch2.cfg]"
Zephyr-7B,"[configs/router3.cfg]
!RANCID-CONTENT-TYPE: cisco
!
hostname R3
!
interface Ethernet0/2
 ip address 10.0.2.100 255.255.255.0
 ip nat inside
 interface Ethernet0/0
 ip address 192.168.1.1 255.255.255.0
 ip nat outside
 ip route 0.0.0.0 0.0.0.0 192.168.1.1
!
access-list 100 permit ip 10.0.2.0 0.0.0.255 any
ip nat inside source list 100 interface Ethernet0/2 overload
!
end
[/configs/router3.cfg]"
Zephyr-7B,None
Zephyr-7B,"[configs/router1.cfg]
!RANCID-CONTENT-TYPE: cisco
!
hostname R1
!
access-list 101 permit tcp 10.0.12.0 0.0.0.255 host 10.0.1.1 eq 22
access-list 101 deny   ip 10.0.12.0 0.0.0.255 any
access-list 101 permit ip any any
interface Ethernet0/0
 ip verify unicast reverse-path
 ip verify unicast source-interface Ethernet0/0
 ip verify unicast source-interface Ethernet0/1
 ip verify unicast source-interface Ethernet0/2
 ip access-group 101 in
!
interface Ethernet0/
!
!
end
[/configs/router1.cfg]

[configs/router3.cfg]
!RANCID-CONTENT-TYPE: cisco
!
hostname R3
!
access-list 101 permit tcp 10.0.12.0 0.0.0.255 host 10.0.3.1 eq 22
access-list 101 deny   ip 10.0.12.0 0.0.0.255 any
access-list 101 permit ip any any
interface Ethernet0/0
 ip verify unicast reverse-path
 ip verify unicast source-interface Ethernet0/0
 ip verify unicast source-interface Ethernet0/1
 ip verify unicast source-interface Ethernet0/2
 ip access-group 101 in
!
!
end
[/configs/router3.cfg]"
Zephyr-7B,None
Zephyr-7B,"[configs/router4.cfg]
!RANCID-CONTENT-TYPE: cisco
!
hostname R4
!
access-list 100 permit ip object-group HTTPS object-group SERVERS
access-list 100 permit ip object-group HTTP object-group SERVERS
access-list 100 deny   ip any any
object-group network HTTP
object-group network HTTPS
object-group service HTTP
object-group service HTTPS ssl
object-group service HTTPS ssl-client
object-group service HTTPS ssl-server
object-group service HTTPS sslv2
object-group service HTTPS sslv3
interface Ethernet0/1
 ip access-group 100 out
!
object-group network HTTP
network-object 10.0.14.0 255.255.255.0
object-group network HTTPS
network-object 10.0.14.0 255.255.255.0
object-group service HTTP
service-object http
object-group service HTTPS ssl
service-object ssl
object-group service HTTPS ssl-client
service-object ssl-client
object-group service HTTPS ssl-server
service-object ssl-server
object-group service HTTPS
!
end
[/configs/router4.cfg]"
Zephyr-7B,"[configs/router3.cfg]
!RANCID-CONTENT-TYPE: cisco
!
hostname R3
!
ip access-list standard PERMIT_LAN2
 permit ip 10.0.2.0 0.0.0.255
!
interface Ethernet0/2
 no ip verify unicast out
 ip access-group PERMIT_LAN2 in
!
router ospf 1
 network 10.0.0.0 0.0.255.255 area 0
 ip ospf cost 30
!
!
end
[/configs/router3.cfg]

[configs/router1.cfg]
!RANCID-CONTENT-TYPE: cisco
!
hostname R1
!
router ospf 1
 network 10.0.0.0 0.0.255.255 area 0
 ip ospf cost 10
!
!
end
[/configs/router1.cfg]

[configs/router2.cfg]
!RANCID-CONTENT-TYPE: cisco
!
hostname R2
!
router ospf 1
 network 10.0.0.0 0.0.255.255 area 0
 ip ospf cost 20
!
!
end
[/configs/router2.cfg]"
Zephyr-7B,"[configs/router1.cfg]
!RANCID-CONTENT-TYPE: cisco
!
hostname R1
!
ip ssh version 2
ip domain name corp.net
router ospf 1
 router-id 10.0.1.1
 area 0 range 10.0.1.0 255.255.255.0
 network 10.0.12.0 0.0.0.255 area 0
 network 10.0.14.0 0.0.0.255 area 0
 network 10.0.23.0 0.0.0.255 area 0
!
!
end
[/configs/router1.cfg]

[configs/router3.cfg]
!RANCID-CONTENT-TYPE: cisco
!
hostname R3
!
ip ssh version 2
ip domain name corp.net
!
end
[/configs/router3.cfg]

[configs/router2.cfg]
!RANCID-CONTENT-TYPE: cisco
!
hostname R2
!
router ospf 1
 router-id 10.0.12.2
 area 0 range 10.0.12.0 255.255.255.0
 network 10.0.12.0 0.0.0.255 area 0
 network 10.0.23.0 0.0.0.255 area 0
!
!
end
[/configs/router2.cfg]"
Zephyr-7B,"[configs/router2.cfg]
!RANCID-CONTENT-TYPE: cisco
!
hostname R2
!
line vty 0 15
 transport input ssh
 login local
!
router ospf 1
 network 10.0.12.0 0.0.0.255 area 0
 network 10.0.23.0 0.0.0.255 area 0
 network 10.0.24.0 0.0.0.255 area 0
!
!
end
[/configs/router2.cfg]

[configs/router4.cfg]
!RANCID-CONTENT-TYPE: cisco
!
hostname R4
!
line vty 0 15
 transport input ssh
 login local
!
router ospf 1
 network 10.0.14.0 0.0.0.255 area 0
 network 10.0.24.0 0.0.0.255 area 0
!
!
end
[/configs/router4.cfg]

[configs/router1.cfg]
!RANCID-CONTENT-TYPE: cisco
!
hostname R1
!
router ospf 1
 network 10.0.1.0 0.0.0.255 area 0
 network 10.0.12.0 0.0.0.255 area 0
 network 10.0.14.0 0.0.0.255 area 0
!
!
end
[/configs/router1.cfg]"
Zephyr-7B,"[configs/router1.cfg]
!RANCID-CONTENT-TYPE: cisco
!
hostname R1
!
no cdp global
router ospf 1
 router-id 10.0.1.1
 area 0 range 10.0.0.0 255.255.255.0
 network 10.0.12.0 0.0.0.255 area 0
 network 10.0.14.0 0.0.0.255 area 0
 network 10.0.16.0 0.0.0.255 area 0
 ip ospf cost 64
 interface Ethernet0/1
 ip ospf cost 64
 interface Ethernet0/2
 ip ospf cost 64
!
!
end
[/configs/router1.cfg]

[configs/router2.cfg]
!RANCID-CONTENT-TYPE: cisco
!
hostname R2
!
no cdp global
router ospf 1
 router-id 10.0.12.2
 area 0 range 10.0.0.0 255.255.255.0
 network 10.0.12.0 0.0.0.255 area 0
 network 10.
!
!
end
[/configs/router2.cfg]"
Zephyr-7B,"[configs/router3.cfg]
!RANCID-CONTENT-TYPE: cisco
!
hostname R3
!
snmp-server community readonly ro
router ospf 1
 router-id 10.0.1.1
 network 10.0.23.0 0.0.0.255 area 0
 network 10.0.34.0 0.0.0.255 area 0
!
!
end
[/configs/router3.cfg]

[configs/router4.cfg]
!RANCID-CONTENT-TYPE: cisco
!
hostname R4
!
snmp-server community readonly ro
!
end
[/configs/router4.cfg]

[configs/router1.cfg]
!RANCID-CONTENT-TYPE: cisco
!
hostname R1
!
router ospf 1
 router-id 10.0.1.1
 network 10.0.1.1 0.0.0.255 area 0
 network 10.0.12.0 0.0.0.255 area 0
 network 10.0.14.0 0.0.0.255 area 0
!
!
end
[/configs/router1.cfg]

[configs/router2.cfg]
!RANCID-CONTENT-TYPE: cisco
!
hostname R2
!
router ospf 1
 router-id 10.0.1.1
 network 10.0.12.0 0.0.0.255 area 0
 network 10.0.23.0 0.0.0.255 area 0
 network 10.0.24.0 0.0.0.255 area 0
!
!
end
[/configs/router2.cfg]"
Zephyr-7B,None
Zephyr-7B,"[configs/router2.cfg]
!RANCID-CONTENT-TYPE: cisco
!
hostname R2
!
logging host 10.0.12.1
no logging console
router ospf 1
 network 10.0.12.0 0.0.0.255 area 0
 network 10.0.23.0 0.0.0.255 area 0
!
!
end
[/configs/router2.cfg]

[configs/router3.cfg]
!RANCID-CONTENT-TYPE: cisco
!
hostname R3
!
logging host 10.0.12.1
no logging console
router ospf 1
 network 10.0.23.0 0.0.0.255 area 0
 network 10.0.34.0 0.0.0.255 area 0
!
!
end
[/configs/router3.cfg]

[configs/router4.cfg]
!RANCID-CONTENT-TYPE: cisco
!
hostname R4
!
logging host 10.0.12.1
no logging console
!
end
[/configs/router4.cfg]

[configs/router1.cfg]
!RANCID-CONTENT-TYPE: cisco
!
hostname R1
!
router ospf 1
 network 10.0.1.0 0.0.0.255 area 0
 network 10.0.12.0 0.0.0.255 area 0
 network 10.0.14.0 0.0.0.255 area 0
!
!
end
[/configs/router1.cfg]"
Zephyr-7B,"[configs/router2.cfg]
!RANCID-CONTENT-TYPE: cisco
!
hostname R2
!
ntp server 10.0.1.1
router ospf 1
 network 10.0.12.0 0.0.0.255 area 0
 network 10.0.23.0 0.0.0.255 area 0
!
!
end
[/configs/router2.cfg]

[configs/router3.cfg]
!RANCID-CONTENT-TYPE: cisco
!
hostname R3
!
ntp server 10.0.1.1
router ospf 1
 network 10.0.23.0 0.0.0.255 area 0
 network 10.0.34.0 0.0.0.255 area 0
!
!
end
[/configs/router3.cfg]

[configs/router4.cfg]
!RANCID-CONTENT-TYPE: cisco
!
hostname R4
!
ntp server 10.0.1.1
!
end
[/configs/router4.cfg]

[configs/router1.cfg]
!RANCID-CONTENT-TYPE: cisco
!
hostname R1
!
router ospf 1
 network 10.0.1.0 0.0.0.255 area 0
 network 10.0.12.0 0.0.0.255 area 0
 network 10.0.14.0 0.0.0.255 area 0
!
!
end
[/configs/router1.cfg]"
Zephyr-7B,"[configs/router1.cfg]
!RANCID-CONTENT-TYPE: cisco
!
hostname R1
!
no ip proxy-arp
interface Ethernet0/0
 no ip proxy-arp
 interface Ethernet0/1
 no ip proxy-arp
 interface Ethernet0/2
 no ip proxy-arp
!
router ospf 1
 network 10.0.0.0 0.255.255.255 area 0
 ip ospf cost 64
!
!
end
[/configs/router1.cfg]

[configs/router3.cfg]
!RANCID-CONTENT-TYPE: cisco
!
hostname R3
!
no ip proxy-arp
interface Ethernet0/0
 no ip proxy-arp
 interface Ethernet0/1
 no ip proxy-arp
 interface Ethernet0/2
 no ip proxy-arp
!
!
end
[/configs/router3.cfg]

[configs/router2.cfg]
!RANCID-CONTENT-TYPE: cisco
!
hostname R2
!
router ospf 1
 network 10.0.0.0 0.255.255.255 area 0
 ip ospf cost 100
!
!
end
[/configs/router2.cfg]"
Zephyr-7B,"[configs/router2.cfg]
!RANCID-CONTENT-TYPE: cisco
!
hostname R2
!
interface Ethernet0/1
 mtu 1400
!
router ospf 1
 network 10.0.12.0 0.0.0.255 area 0
 network 10.0.23.0 0.0.0.255 area 0
!
!
end
[/configs/router2.cfg]

[configs/router3.cfg]
!RANCID-CONTENT-TYPE: cisco
!
hostname R3
!
interface Ethernet0/2
 mtu 1400
!
router ospf 1
 network 10.0.23.0 0.0.0.255 area 0
 network 10.0.34.0 0.0.0.255 area 0
!
!
end
[/configs/router3.cfg]

[configs/router1.cfg]
!RANCID-CONTENT-TYPE: cisco
!
hostname R1
!
router ospf 1
 network 10.0.0.0 0.255.255.255 area 0
!
vlan 20
 name VLAN_20
!
interface Ethernet0/24
!
!
end
[/configs/router1.cfg]"
Zephyr-7B,"[configs/router1.cfg]
!RANCID-CONTENT-TYPE: cisco
!
hostname R1
!
interface Ethernet0/2
 bandwidth 2000
!
router ospf 1
 network 10.0.1.0 0.0.0.255 area 0
 network 10.0.12.0 0.0.0.255 area 0
 network 10.0.14.0 0.0.0.255 area 0
!
!
end
[/configs/router1.cfg]

[configs/router4.cfg]
!RANCID-CONTENT-TYPE: cisco
!
hostname R4
!
interface Ethernet0/0
 bandwidth 2000
!
router ospf 1
!
!
end
[/configs/router4.cfg]

[configs/router2.cfg]
!RANCID-CONTENT-TYPE: cisco
!
hostname R2
!
router ospf 1
 network 10.0.12.0 0.0.0.255 area 0
 network 10.0.23.0 0.0.0.255 area 0
 network 10.0.24.0 0.0.0.255 area 0
!
!
end
[/configs/router2.cfg]

[configs/router3.cfg]
!RANCID-CONTENT-TYPE: cisco
!
hostname R3
!
router ospf 1
 network 10.0.23.0 0.0.0.255 area 0
 network 10.0.34.0 0.0.0.255 area 0
!
!
end
[/configs/router3.cfg]"
Zephyr-7B,None
Zephyr-7B,"[configs/router2.cfg]
!RANCID-CONTENT-TYPE: cisco
!
hostname R2
!
interface Ethernet0/1
 shutdown
!
router ospf 1
 network 10.0.12.0 0.0.0.255 area 0
 network 10.0.23.0 0.0.0.255 area 0
 network 10.0.24.0 0.0.0.255 area 0
!
!
end
[/configs/router2.cfg]

[configs/router4.cfg]
!RANCID-CONTENT-TYPE: cisco
!
hostname R4
!
interface Ethernet0/1
 shutdown
!
!
end
[/configs/router4.cfg]

[configs/router1.cfg]
!RANCID-CONTENT-TYPE: cisco
!
hostname R1
!
router ospf 1
 network 10.0.1.0 0.0.0.255 area 0
 network 10.0.12.0 0.0.0.255 area 0
 network 10.0.14.0 0.0.0.255 area 0
!
!
end
[/configs/router1.cfg]

[configs/router3.cfg]
!RANCID-CONTENT-TYPE: cisco
!
hostname R3
!
router ospf 1
 network 10.0.23.0 0.0.0.255 area 0
 network 10.0.34.0 0.0.0.255 area 0
!
!
end
[/configs/router3.cfg]"
Zephyr-7B,"[configs/router1.cfg]
!RANCID-CONTENT-TYPE: cisco
!
hostname R1
!
interface Loopback0
 ip address 11.11.11.11 255.255.255.254
!
router ospf 1
 router-id 1.1.1.1
 area 0 range 10.0.1.0 255.255.255.0
 network 10.0.1.1 0.0.0.0 area 0
 network 10.0.12.0 0.0.0.255 area 0
 network 10.0.14.0 0.0.0.255 area 0
!
!
end
[/configs/router1.cfg]

[configs/router2.cfg]
!RANCID-CONTENT-TYPE: cisco
!
hostname R2
!
interface Loopback0
 ip address 22.22.22.22 255.255.255.254
!
router ospf 1
 router-id 2.2.2.2
 area 0 range 10.0.23.0 255.255.255.0
 network 10.0.23.1 0.0.0.0 area 0
 network 10.0.
!
!
end
[/configs/router2.cfg]"
Zephyr-7B,"[configs/switch1.cfg]
!RANCID-CONTENT-TYPE: cisco
!
hostname SW1
!
spanning-tree mode rapid-pvst
spanning-tree vlan 10 root primary
!
end
[/configs/switch1.cfg]

[configs/switch2.cfg]
!RANCID-CONTENT-TYPE: cisco
!
hostname SW2
!
spanning-tree mode rapid-pvst
spanning-tree vlan 30 root primary
!
end
[/configs/switch2.cfg]

[configs/router1.cfg]
!RANCID-CONTENT-TYPE: cisco
!
hostname R1
!
router ospf 100
 network 10.0.12.0 0.0.0.255 area 0
 network 10.0.14.0 0.0.0.255 area 0
 network 10.0.23.0 0.0.0.255 area 0
!
!
end
[/configs/router1.cfg]

[configs/router2.cfg]
!RANCID-CONTENT-TYPE: cisco
!
hostname R2
!
router ospf 100
 network 10.0.12.0 0.0.0.255 area 0
 network 10.0.23.0 0.0.0.255 area 0
 network 10.0.24.0 0.0.0.255 area 0
!
!
end
[/configs/router2.cfg]

[configs/router3.cfg]
!RANCID-CONTENT-TYPE: cisco
!
hostname R3
!
router ospf 100
 network 10.0.23.0 0.0.0.255 area 0
 network 10.0.24.0 0.0.0.255 area 0
 network 10
!
!
end
[/configs/router3.cfg]"
Zephyr-7B,"[configs/switch1.cfg]
!RANCID-CONTENT-TYPE: cisco
!
hostname SW1
!
interface FastEthernet0/24
 switchport mode trunk
 switchport trunk allowed vlan 10
 no switchport trunk allowed vlan 20
 switchport trunk native vlan 10
!
!
end
[/configs/switch1.cfg]

[configs/switch2.cfg]
!RANCID-CONTENT-TYPE: cisco
!
hostname SW2
!
interface FastEthernet0/24
 switchport mode trunk
 switchport trunk allowed vlan 30
 no switchport trunk allowed vlan 40
 switchport trunk native vlan 30
!
!
end
[/configs/switch2.cfg]

[configs/router1.cfg]
!RANCID-CONTENT-TYPE: cisco
!
hostname R1
!
router ospf 1
 network 10.0.12.0 0.0.0.255 area 0
!
!
end
[/configs/router1.cfg]

[configs/router2.cfg]
!RANCID-CONTENT-TYPE: cisco
!
hostname R2
!
router ospf 1
 network 10.0.12.0 0.0.0.255 area 0
 network 10.0.23.0 0.0.0.255 area 0
!
!
end
[/configs/router2.cfg]

[configs/router3.cfg]
!RANCID-CONTENT-TYPE: cisco
!
hostname R3
!
router osp
!
!
end
[/configs/router3.cfg]"
Zephyr-7B,"[configs/switch1.cfg]
!RANCID-CONTENT-TYPE: cisco
!
hostname SW1
!
interface Vlan10
 ip address 10.0.1.2 255.255.255.0
 name VLAN10
!
interface Vlan20
 shutdown
!
interface GigabitEthernet0/24
 switchport mode trunk
 switchport trunk allowed vlan 10, 20
!
interface GigabitEthernet0/25
 switchport mode access
 switchport access vlan 10
!
interface GigabitEthernet0/26
 switchport mode access
 switchport access vlan 20
!
interface GigabitEthernet0/27
 switchport mode trunk
 switchport trunk allowed vlan 10, 20
!
interface GigabitEthernet0/28
 switchport mode access
 switchport access vlan 10
!
interface GigabitEthernet0/29
 switchport mode access
 switchport access vlan 20
!
interface GigabitEthernet0/30
 switchport mode access
!
!
end
[/configs/switch1.cfg]"
Zephyr-7B,"[configs/switch1.cfg]
!RANCID-CONTENT-TYPE: cisco
!
hostname SW1
!
interface FastEthernet0/1
 switchport mode access
 switchport access vlan 10
 spanning-tree portfast
 spanning-tree bpduguard enable
 port-security maximum 1
 port-security violation shutdown
!
!
end
[/configs/switch1.cfg]

[configs/switch2.cfg]
!RANCID-CONTENT-TYPE: cisco
!
hostname SW2
!
interface FastEthernet0/1
 switchport mode access
 switchport access vlan 30
 spanning-tree portfast
 spanning-tree bpduguard enable
 port-security maximum 1
 port-security violation shutdown
!
!
end
[/configs/switch2.cfg]

[configs/router1.cfg]
!RANCID-CONTENT-TYPE: cisco
!
hostname R1
!
interface Ethernet0/0
 description Link to SW1
!
interface Ethernet0/1
!
!
end
[/configs/router1.cfg]

[configs/router4.cfg]
!RANCID-CONTENT-TYPE: cisco
!
hostname R4
!
ip route 10.0.23.0 255.255.255.0 10.0.24.1
!
end
[/configs/router4.cfg]

[configs/router2.cfg]
!RANCID-CONTENT-TYPE: cisco
!
hostname R2
!
ip access-list extended DENY_SNMP
 deny udp 10.0.12.0 0.0.0.255 any eq 161
 permit ip any any
!
!
end
[/configs/router2.cfg]"
Zephyr-7B,None
Zephyr-7B,None
Zephyr-7B,None
Zephyr-7B,"[configs/router1.cfg]
!RANCID-CONTENT-TYPE: cisco
!
hostname R1
!
interface Ethernet0/1
 ip address 10.0.12.1 255.255.255.0
 no shutdown
!
!
end
[/configs/router1.cfg]

[configs/router2.cfg]
!RANCID-CONTENT-TYPE: cisco
!
hostname R2
!
interface Ethernet0/0
 ip address 10.0.12.2 255.255.255.0
 no shutdown
!
interface Ethernet0/1
 ip address 10.0.23.1 255.255.255.0
 no shutdown
!
!
end
[/configs/router2.cfg]

[configs/router3.cfg]
!RANCID-CONTENT-TYPE: cisco
!
hostname R3
!
interface Ethernet0/0
 ip address 10.0.23.2 255.255.255.0
 no shutdown
!
interface Ethernet0/1
 ip address 10.0.24.1 255.255.255.0
 no shutdown
!
!
end
[/configs/router3.cfg]

[configs/router4.cfg]
!RANCID-CONTENT-TYPE: cisco
!
hostname R4
!
interface Ethernet0/0
 ip address 10.0.24.2 255.255.255.0
!
!
end
[/configs/router4.cfg]"
Zephyr-7B,"[configs/router2.cfg]
!RANCID-CONTENT-TYPE: cisco
!
hostname R2
!
interface Ethernet0/1
 ip address 10.0.23.2 255.255.255.0
 no shutdown
!
router ospf 1
 network 10.0.12.0 0.0.0.255 area 0
 network 10.0.23.0 0.0.0.255 area 0
!
!
end
[/configs/router2.cfg]

[configs/router3.cfg]
!RANCID-CONTENT-TYPE: cisco
!
hostname R3
!
interface Ethernet0/2
 ip address 10.0.24.2 255.255.255.0
 no shutdown
!
router ospf 1
 network 10.0.23.0 0.0.0.255 area 0
 network 10.0.34.0 0.0.0.255 area 0
!
!
end
[/configs/router3.cfg]

[configs/router1.cfg]
!RANCID-CONTENT-TYPE: cisco
!
hostname R1
!
router ospf 1
 network 10.0.0.0 0.255.255.255 area 0
!
!
end
[/configs/router1.cfg]"
Zephyr-7B,"[configs/router1.cfg]
!RANCID-CONTENT-TYPE: cisco
!
hostname R1
!
interface Ethernet0/1
 ip address 10.0.12.1 255.255.255.0
 no shutdown
!
interface Ethernet0/2
 ip address 10.0.14.1 255.255.255.0
 no shutdown
!
!
end
[/configs/router1.cfg]

[configs/router2.cfg]
!RANCID-CONTENT-TYPE: cisco
!
hostname R2
!
interface Ethernet0/0
 ip address 10.0.12.2 255.255.255.0
 no shutdown
!
interface Ethernet0/1
 ip address 10.0.23.1 255.255.255.0
 no shutdown
!
interface Ethernet0/2
 ip address 10.0.24.1 255.255.255.0
 no shutdown
!
!
end
[/configs/router2.cfg]

[configs/router4.cfg]
!RANCID-CONTENT-TYPE: cisco
!
hostname R4
!
interface Ethernet0/0
 ip address 10.0.14.2 255.255.255.0
 no shutdown
!
interface Ethernet0/1
 ip address 10.0.24.2 255.255.255.0
!
!
end
[/configs/router4.cfg]"
Zephyr-7B,"[configs/router1.cfg]
!RANCID-CONTENT-TYPE: cisco
!
hostname R1
!
hostname Router-R1
enable secret sec1
router ospf 1
 network 10.0.1.0 0.0.0.255 area 0
 network 10.0.12.0 0.0.0.255 area 0
!
!
end
[/configs/router1.cfg]

[configs/router2.cfg]
!RANCID-CONTENT-TYPE: cisco
!
hostname R2
!
hostname Router-R2
enable secret sec2
router ospf 1
 network 10.0.12.0 0.0.0.255 area 0
!
access-list 100 deny tcp 10.0.12.0 0.0.0.255 host 10.0.12.1 eq 22
access-list 100 permit ip any any
interface Ethernet0/
!
!
end
[/configs/router2.cfg]

[configs/router3.cfg]
!RANCID-CONTENT-TYPE: cisco
!
hostname R3
!
hostname Router-R3
enable secret sec3
!
end
[/configs/router3.cfg]

[configs/router4.cfg]
!RANCID-CONTENT-TYPE: cisco
!
hostname R4
!
hostname Router-R4
enable secret sec4
!
end
[/configs/router4.cfg]"
Zephyr-7B,"[configs/router1.cfg]
!RANCID-CONTENT-TYPE: cisco
!
hostname R1
!
ntp server 10.0.1.1
ntp authentication-key 1 md5 secretkey
ntp authentication-trust manual
ntp clock-periodic auto
ntp drift-file C:/ntpdrift
ntp source Loopback0
ntp timezone UTC 0
!
end
[/configs/router1.cfg]

[configs/router2.cfg]
!RANCID-CONTENT-TYPE: cisco
!
hostname R2
!
ntp server 10.0.1.1
ntp authentication-key 1 md5 secretkey
ntp authentication-trust manual
ntp clock-periodic auto
ntp drift-file C:/ntpdrift
ntp source Loopback0
ntp timezone UTC 0
!
end
[/configs/router2.cfg]

[configs/router3.cfg]
!RANCID-CONTENT-TYPE: cisco
!
hostname R3
!
ntp server 10.0.1.1
ntp authentication-key 1 md5 secretkey
ntp authentication-trust manual
ntp clock-periodic auto
ntp drift-file C:/ntpdrift
ntp source Loopback0
ntp timezone UTC 0
!
end
[/configs/router3.cfg]

[configs/router4.cfg]
!RANCID-CONTENT-TYPE: cisco
!
hostname R4
!
ntp server 10.0.1.1
ntp authentication-key 1 md5 secretkey
ntp authentication-trust manual
ntp clock-periodic auto
ntp drift-file C:/ntpdrift
ntp source Loopback0
ntp timezone UTC 0
!
end
[/configs/router4.cfg]"
Zephyr-7B,None
Zephyr-7B,"[configs/router2.cfg]
!RANCID-CONTENT-TYPE: cisco
!
hostname R2
!
no ip dhcp pool CORP
no ip dhcp excluded-address 10.0.12.1 10.0.12.254
no ip dhcp server
router ospf 1
 network 10.0.12.0 0.0.0.255 area 0
 network 10.0.23.0 0.0.0.255 area 0
!
!
end
[/configs/router2.cfg]

[configs/router4.cfg]
!RANCID-CONTENT-TYPE: cisco
!
hostname R4
!
no ip dhcp pool CORP
no ip dhcp excluded-address 10.0.14.1 10.0.14.254
no ip dhcp server
!
end
[/configs/router4.cfg]

[configs/router1.cfg]
!RANCID-CONTENT-TYPE: cisco
!
hostname R1
!
router ospf 1
 network 10.0.1.0 0.0.0.255 area 0
 network 10.0.12.0 0.0.0.255 area 0
!
!
end
[/configs/router1.cfg]

[configs/router3.cfg]
!RANCID-CONTENT-TYPE: cisco
!
hostname R3
!
router ospf 1
 network 10.0.23.0 0.0.0.255 area 0
 network 10.0.24.0 0.0.0.255 area 0
!
!
end
[/configs/router3.cfg]"
Zephyr-7B,"[configs/router1.cfg]
!RANCID-CONTENT-TYPE: cisco
!
hostname R1
!
interface Ethernet0/0
 ip address 10.0.1.1 255.255.255.0
!
interface Ethernet0/1
 ip address 10.0.12.1 255.255.255.0
!
!
end
[/configs/router1.cfg]

[configs/router2.cfg]
!RANCID-CONTENT-TYPE: cisco
!
hostname R2
!
interface Ethernet0/0
 ip address 10.0.12.2 255.255.255.0
!
access-list 100 deny udp 10.0.12.0 0.0.0.255 any eq 161
access-list 100 permit ip any any
!
end
[/configs/router2.cfg]

[configs/router3.cfg]
!RANCID-CONTENT-TYPE: cisco
!
hostname R3
!
interface Ethernet0/0
 ip address 10.0.23.2 255.255.255.0
!
!
end
[/configs/router3.cfg]

[configs/router4.cfg]
!RANCID-CONTENT-TYPE: cisco
!
hostname R4
!
interface Ethernet0/0
 ip address 10.0.14.2 255.255.255.0
!
!
end
[/configs/router4.cfg]"
Zephyr-7B,"[configs/router1.cfg]
!RANCID-CONTENT-TYPE: cisco
!
hostname R1
!
router ospf 1
 area 0 authentication message-digest
 crypto key ring mykey
 crypto key mykey 1
 0 md5 pass
!
interface Ethernet0/1
 ip ospf network point-to-point
!
!
end
[/configs/router1.cfg]

[configs/router2.cfg]
!RANCID-CONTENT-TYPE: cisco
!
hostname R2
!
router ospf 1
 area 0 authentication message-digest
 crypto key ring mykey
 crypto key mykey 1
 0 md5 pass
!
interface Ethernet0/0
 ip ospf network point-to-point
!
!
end
[/configs/router2.cfg]

[configs/switch1.cfg]
!RANCID-CONTENT-TYPE: cisco
!
hostname SW1
!
vlan 50
 name VLAN_50
!
interface Fa0/25
 switchport mode access
!
!
end
[/configs/switch1.cfg]"
Zephyr-7B,"[configs/switch1.cfg]
!RANCID-CONTENT-TYPE: cisco
!
hostname SW1
!
interface FastEthernet0/1
 storm-control broadcast level 15
!
!
end
[/configs/switch1.cfg]

[configs/switch2.cfg]
!RANCID-CONTENT-TYPE: cisco
!
hostname SW2
!
interface FastEthernet0/1
 storm-control broadcast level 15
!
!
end
[/configs/switch2.cfg]

[configs/router1.cfg]
!RANCID-CONTENT-TYPE: cisco
!
hostname R1
!
router ospf 1
 network 10.0.1.0 0.0.0.255 area 0
!
!
end
[/configs/router1.cfg]

[configs/router2.cfg]
!RANCID-CONTENT-TYPE: cisco
!
hostname R2
!
router ospf 1
 network 10.0.12.0 0.0.0.255 area 0
 network 10.0.23.0 0.0.0.255 area 0
!
!
end
[/configs/router2.cfg]

[configs/router3.cfg]
!RANCID-CONTENT-TYPE: cisco
!
hostname R3
!
router ospf 1
 network 10.0.23.0 0.0.0.255 area 0
!
!
end
[/configs/router3.cfg]

[configs/router4.cfg]
!RANCID-CONTENT-TYPE: cisco
!
hostname R4
!
router ospf 1
 network 10.0
!
!
end
[/configs/router4.cfg]"
Zephyr-7B,None
Zephyr-7B,None
Zephyr-7B,None
Zephyr-7B,None
Zephyr-7B,"[configs/router3.cfg]
!RANCID-CONTENT-TYPE: cisco
!
hostname R3
!
interface Ethernet0/2
 ip address 10.0.2.2 255.255.255.0
 no shutdown
!
router ospf 1
 network 10.0.23.0 0.0.0.255 area 0
!
!
end
[/configs/router3.cfg]

[configs/router4.cfg]
!RANCID-CONTENT-TYPE: cisco
!
hostname R4
!
interface Ethernet0/1
 ip address 10.0.2.1 255.255.255.0
 no shutdown
!
!
end
[/configs/router4.cfg]

[configs/router1.cfg]
!RANCID-CONTENT-TYPE: cisco
!
hostname R1
!
router ospf 1
 network 10.0.1.0 0.0.0.255 area 0
 network 10.0.12.0 0.0.0.255 area 0
 network 10.0.14.0 0.0.0.255 area 0
!
!
end
[/configs/router1.cfg]

[configs/router2.cfg]
!RANCID-CONTENT-TYPE: cisco
!
hostname R2
!
router ospf 1
 network 10.0.12.0 0.0.0.255 area 0
 network 10.0.23.0 0.0.0.255 area 0
 network 10.0.24.0 0.0.0.255 area 0
!
!
end
[/configs/router2.cfg]"
Qwen2.5-7B-Instruct,"[configs/router1.cfg]
!RANCID-CONTENT-TYPE: cisco
!
hostname R1
!
interface Ethernet0/2
 ip address 10.0.14.1 255.255.255.0
!
!
end
[/configs/router1.cfg]"
Qwen2.5-7B-Instruct,"[configs/router2.cfg]
!RANCID-CONTENT-TYPE: cisco
!
hostname R2
!
interface Ethernet0/1
 mtu 1500
!
!
end
[/configs/router2.cfg]"
Qwen2.5-7B-Instruct,"[configs/router3.cfg]
!RANCID-CONTENT-TYPE: cisco
!
hostname R3
!
interface Loopback0
 ip address 33.33.33.33 255.255.255.255
!
!
end
[/configs/router3.cfg]"
Qwen2.5-7B-Instruct,"[configs/router1.cfg]
!RANCID-CONTENT-TYPE: cisco
!
hostname R1
!
interface Ethernet0/2
 no shutdown
!
!
end
[/configs/router1.cfg]"
Qwen2.5-7B-Instruct,"[configs/router2.cfg]
!RANCID-CONTENT-TYPE: cisco
!
hostname R2
!
interface Ethernet0/2
 shutdown
!
!
end
[/configs/router2.cfg]"
Qwen2.5-7B-Instruct,"[configs/router2.cfg]
!RANCID-CONTENT-TYPE: cisco
!
hostname R2
!
interface Ethernet0/1
 description Link to R3
!
!
end
[/configs/router2.cfg]"
Qwen2.5-7B-Instruct,"[configs/router3.cfg]
!RANCID-CONTENT-TYPE: cisco
!
hostname R3
!
interface Ethernet0/0
 bandwidth 1500
!
!
end
[/configs/router3.cfg]"
Qwen2.5-7B-Instruct,"[configs/router3.cfg]
!RANCID-CONTENT-TYPE: cisco
!
hostname R3
!
interface FastEthernet0/1
 no ip proxy-arp
!
!
end
[/configs/router3.cfg]"
Qwen2.5-7B-Instruct,"[configs/router4.cfg]
!RANCID-CONTENT-TYPE: cisco
!
hostname R4
!
interface Ethernet0/2
 arp timeout 600
!
!
end
[/configs/router4.cfg]"
Qwen2.5-7B-Instruct,"[configs/router4.cfg]
!RANCID-CONTENT-TYPE: cisco
!
hostname R4
!
interface Loopback0
 ip address 44.44.44.44 255.255.255.255
!
!
end
[/configs/router4.cfg]"
Qwen2.5-7B-Instruct,"[configs/router3.cfg]
!RANCID-CONTENT-TYPE: cisco
!
hostname R3
!
ip route 10.0.1.0 255.255.255.0 10.0.23.2
!
end
[/configs/router3.cfg]"
Qwen2.5-7B-Instruct,"[configs/router4.cfg]
!RANCID-CONTENT-TYPE: cisco
!
hostname R4
!
ip route 0.0.0.0 0.0.0.0 10.0.14.1
!
end
[/configs/router4.cfg]"
Qwen2.5-7B-Instruct,"[configs/router2.cfg]
!RANCID-CONTENT-TYPE: cisco
!
hostname R2
!
ip route 10.0.1.0 255.255.255.0 10.0.12.1
!
end
[/configs/router2.cfg]"
Qwen2.5-7B-Instruct,"[configs/router2.cfg]
!RANCID-CONTENT-TYPE: cisco
!
hostname R2
!
router ospf 2
 network 10.0.12.0 0.0.0.255 area 0
 network 10.0.23.0 0.0.0.255 area 0
 network 10.0.24.0 0.0.0.255 area 0
!
!
end
[/configs/router2.cfg]"
Qwen2.5-7B-Instruct,"[configs/router3.cfg]
!RANCID-CONTENT-TYPE: cisco
!
hostname R3
!
router ospf 1
 router-id 3.3.3.3
!
!
end
[/configs/router3.cfg]"
Qwen2.5-7B-Instruct,"[configs/router2.cfg]
!RANCID-CONTENT-TYPE: cisco
!
hostname R2
!
interface Ethernet0/2
 ip ospf cost 50
!
!
end
[/configs/router2.cfg]"
Qwen2.5-7B-Instruct,"[configs/router4.cfg]
!RANCID-CONTENT-TYPE: cisco
!
hostname R4
!
router ospf 1
 passive-interface Ethernet0/1
!
!
end
[/configs/router4.cfg]"
Qwen2.5-7B-Instruct,"[configs/router4.cfg]
!RANCID-CONTENT-TYPE: cisco
!
hostname R4
!
no ip route 0.0.0.0 0.0.0.0 10.0.14.1
!
end
[/configs/router4.cfg]"
Qwen2.5-7B-Instruct,"[configs/router3.cfg]
!RANCID-CONTENT-TYPE: cisco
!
hostname R3
!
interface Ethernet0/2
 ip ospf hello-interval 10
!
!
end
[/configs/router3.cfg]"
Qwen2.5-7B-Instruct,"[configs/router1.cfg]
!RANCID-CONTENT-TYPE: cisco
!
hostname R1
!
interface Ethernet0/2
 ip ospf message-digest-key 1 md5 netpass
!
!
end
[/configs/router1.cfg]"
Qwen2.5-7B-Instruct,"[configs/router1.cfg]
!RANCID-CONTENT-TYPE: cisco
!
hostname R1
!
ip access-list extended DENY_TELNET
 deny tcp 10.0.1.0 0.0.0.255 any eq 23
 permit ip any any
!
!
end
[/configs/router1.cfg]"
Qwen2.5-7B-Instruct,"[configs/router1.cfg]
!RANCID-CONTENT-TYPE: cisco
!
hostname R1
!
ip access-list extended DENY_TELNET
 deny tcp 10.0.1.0 0.0.0.255 any eq 23
 permit ip any any
!
interface Ethernet0/0
 ip access-group DENY_TELNET in
!
!
end
[/configs/router1.cfg]"
Qwen2.5-7B-Instruct,"[configs/router3.cfg]
!RANCID-CONTENT-TYPE: cisco
!
hostname R3
!
ip access-list standard PERMIT_10_0_2
 permit ip 10.0.2.0 0.0.0.255 any
!
!
end
[/configs/router3.cfg]"
Qwen2.5-7B-Instruct,"[configs/router4.cfg]
!RANCID-CONTENT-TYPE: cisco
!
hostname R4
!
ip access-list extended DENY_ICMP_TO_VLAN14
 deny icmp any 10.0.14.0 0.0.0.255
 permit ip any any
!
!
end
[/configs/router4.cfg]"
Qwen2.5-7B-Instruct,"[configs/router3.cfg]
!RANCID-CONTENT-TYPE: cisco
!
hostname R3
!
ip domain-name lab.local
ip ssh version 2
!
end
[/configs/router3.cfg]"
Qwen2.5-7B-Instruct,"[configs/router4.cfg]
!RANCID-CONTENT-TYPE: cisco
!
hostname R4
!
line vty 0 4
 password cisco
 login
!
!
end
[/configs/router4.cfg]"
Qwen2.5-7B-Instruct,"[configs/router1.cfg]
!RANCID-CONTENT-TYPE: cisco
!
hostname R1
!
enable secret my_secret_password
!
end
[/configs/router1.cfg]"
Qwen2.5-7B-Instruct,"[configs/router2.cfg]
!RANCID-CONTENT-TYPE: cisco
!
hostname R2
!
line console 0
 password myconsolepassword
 login
!
!
end
[/configs/router2.cfg]"
Qwen2.5-7B-Instruct,"[configs/router3.cfg]
!RANCID-CONTENT-TYPE: cisco
!
hostname R3
!
aaa new-model
!
end
[/configs/router3.cfg]"
Qwen2.5-7B-Instruct,"[configs/router1.cfg]
!RANCID-CONTENT-TYPE: cisco
!
hostname R1
!
snmp-server community private RO
!
end
[/configs/router1.cfg]"
Qwen2.5-7B-Instruct,"[configs/switch2.cfg]
!RANCID-CONTENT-TYPE: cisco
!
hostname SW2
!
vlan 20
!
interface FastEthernet0/24
 switchport trunk allowed vlan add 30,20
!
!
end
[/configs/switch2.cfg]"
Qwen2.5-7B-Instruct,"[configs/switch1.cfg]
!RANCID-CONTENT-TYPE: cisco
!
hostname SW1
!
interface FastEthernet0/1
 spanning-tree portfast
 spanning-tree bpduguard enable
!
!
end
[/configs/switch1.cfg]"
Qwen2.5-7B-Instruct,"[configs/switch2.cfg]
!RANCID-CONTENT-TYPE: cisco
!
hostname SW2
!
spanning-tree vlan 40 root primary
!
end
[/configs/switch2.cfg]"
Qwen2.5-7B-Instruct,"[configs/switch1.cfg]
!RANCID-CONTENT-TYPE: cisco
!
hostname SW1
!
interface FastEthernet0/24
 switchport trunk native vlan 20
!
!
end
[/configs/switch1.cfg]"
Qwen2.5-7B-Instruct,"[configs/switch2.cfg]
!RANCID-CONTENT-TYPE: cisco
!
hostname SW2
!
interface Vlan40
 ip address 10.0.4.1 255.255.255.0
!
!
end
[/configs/switch2.cfg]"
Qwen2.5-7B-Instruct,"[configs/switch2.cfg]
!RANCID-CONTENT-TYPE: cisco
!
hostname SW2
!
interface FastEthernet0/1
 storm-control broadcast level pps 10
!
!
end
[/configs/switch2.cfg]"
Qwen2.5-7B-Instruct,"[configs/switch1.cfg]
!RANCID-CONTENT-TYPE: cisco
!
hostname SW1
!
interface FastEthernet0/24
 switchport mode trunk
 switchport trunk allowed vlan 10,20
!
!
end
[/configs/switch1.cfg]

[configs/router1.cfg]
!RANCID-CONTENT-TYPE: cisco
!
hostname R1
!
vlan 20
!
!
end
[/configs/router1.cfg]"
Qwen2.5-7B-Instruct,"[configs/switch2.cfg]
!RANCID-CONTENT-TYPE: cisco
!
hostname SW2
!
interface FastEthernet0/1
 switchport port-security
 switchport port-security maximum 2
!
!
end
[/configs/switch2.cfg]"
Qwen2.5-7B-Instruct,"[configs/router4.cfg]
!RANCID-CONTENT-TYPE: cisco
!
hostname R4
!
ip dhcp pool VLAN14
 network 10.0.14.0 255.255.255.0
 default-router 10.0.14.1
!
!
end
[/configs/router4.cfg]"
Qwen2.5-7B-Instruct,"[configs/router3.cfg]
!RANCID-CONTENT-TYPE: cisco
!
hostname R3
!
ip dhcp excluded-address 10.0.2.1 10.0.2.5
!
end
[/configs/router3.cfg]"
Qwen2.5-7B-Instruct,"[configs/router3.cfg]
!RANCID-CONTENT-TYPE: cisco
!
hostname R3
!
ntp server 10.0.23.2
!
end
[/configs/router3.cfg]"
Qwen2.5-7B-Instruct,"[configs/router2.cfg]
!RANCID-CONTENT-TYPE: cisco
!
hostname R2
!
logging level informational
!
end
[/configs/router2.cfg]"
Qwen2.5-7B-Instruct,"[configs/router4.cfg]
!RANCID-CONTENT-TYPE: cisco
!
hostname R4
!
interface Ethernet0/2
 cdp enable
!
!
end
[/configs/router4.cfg]"
Qwen2.5-7B-Instruct,"[configs/router3.cfg]
!RANCID-CONTENT-TYPE: cisco
!
hostname R3
!
hostname Edge-R3
!
end
[/configs/router3.cfg]"
Qwen2.5-7B-Instruct,None
Qwen2.5-7B-Instruct,"[configs/router1.cfg]
!RANCID-CONTENT-TYPE: cisco
!
hostname R1
!
router ospf 1
 network 10.0.1.0 0.0.0.255 area 0
 network 10.0.12.0 0.0.0.255 area 0
 network 10.0.14.0 0.0.0.255 area 0
!
!
end
[/configs/router1.cfg]

[configs/router2.cfg]
!RANCID-CONTENT-TYPE: cisco
!
hostname R2
!
router ospf 1
 network 10.0.1.0 0.0.0.255 area 0
 network 10.0.12.0 0.0.0.255 area 0
 network 10.0.23.0 0.0.0.255 area 0
 network 10.0.24.0 0.0.0.255 area 0
!
!
end
[/configs/router2.cfg]

[configs/router3.cfg]
!RANCID-CONTENT-TYPE: cisco
!
hostname R3
!
router ospf 1
 network 10.0.2.0 0.0.0.255 area 0
 network 10.0.23.0 0.0.0.255 area 0
 network 10.0.34.0 0.0.0.255 area 0
!
!
end
[/configs/router3.cfg]

[configs/router4.cfg]
!RANCID-CONTENT-TYPE: cisco
!
hostname R4
!
router ospf 1
 network 10.0.1.0 0.0.0.255 area 0
 network 10.0.12.0 0.0.0.255 area 0
 network 10.0.14.0 0.0.0.255 area 0
 network 10.0.23.0 0.0.0.255 area 0
 network 10.0.24
!
!
end
[/configs/router4.cfg]"
Qwen2.5-7B-Instruct,"[configs/router1.cfg]
!RANCID-CONTENT-TYPE: cisco
!
hostname R1
!
interface Ethernet0/1
 ip ospf message-digest-key 1 md5 ospfkey
!
!
end
[/configs/router1.cfg]

[configs/router2.cfg]
!RANCID-CONTENT-TYPE: cisco
!
hostname R2
!
interface Ethernet0/0
 ip ospf message-digest-key 1 md5 ospfkey
!
!
end
[/configs/router2.cfg]"
Qwen2.5-7B-Instruct,"[configs/router3.cfg]
!RANCID-CONTENT-TYPE: cisco
!
hostname R3
!
interface Ethernet0/2
 ip ospf hello-interval 5
 ip ospf dead-interval 20
!
!
end
[/configs/router3.cfg]

[configs/router4.cfg]
!RANCID-CONTENT-TYPE: cisco
!
hostname R4
!
interface Ethernet0/1
 ip ospf hello-interval 5
 ip ospf dead-interval 20
!
!
end
[/configs/router4.cfg]"
Qwen2.5-7B-Instruct,"[configs/router1.cfg]
!RANCID-CONTENT-TYPE: cisco
!
hostname R1
!
interface Loopback0
 ip address 1.1.1.1 255.255.255.255
!
!
end
[/configs/router1.cfg]

[configs/router2.cfg]
!RANCID-CONTENT-TYPE: cisco
!
hostname R2
!
interface Loopback0
 ip address 2.2.2.2 255.255.255.255
!
!
end
[/configs/router2.cfg]

[configs/router3.cfg]
!RANCID-CONTENT-TYPE: cisco
!
hostname R3
!
interface Loopback0
 ip address 3.3.3.3 255.255.255.255
!
!
end
[/configs/router3.cfg]

[configs/router4.cfg]
!RANCID-CONTENT-TYPE: cisco
!
hostname R4
!
interface Loopback0
 ip address 4.4.4.4 255.255.255.255
!
!
end
[/configs/router4.cfg]"
Qwen2.5-7B-Instruct,"[configs/router2.cfg]
!RANCID-CONTENT-TYPE: cisco
!
hostname R2
!
interface Ethernet0/2
 ip ospf cost 200
!
!
end
[/configs/router2.cfg]

[configs/router4.cfg]
!RANCID-CONTENT-TYPE: cisco
!
hostname R4
!
interface Ethernet0/1
 ip ospf cost 200
!
!
end
[/configs/router4.cfg]"
Qwen2.5-7B-Instruct,"[configs/router1.cfg]
!RANCID-CONTENT-TYPE: cisco
!
hostname R1
!
interface Ethernet0/0
 ip ospf passive-interface
!
interface Ethernet0/2
 ip ospf passive-interface
!
!
end
[/configs/router1.cfg]

[configs/router3.cfg]
!RANCID-CONTENT-TYPE: cisco
!
hostname R3
!
interface Ethernet0/0
 ip ospf passive-interface
!
!
end
[/configs/router3.cfg]"
Qwen2.5-7B-Instruct,"[configs/router2.cfg]
!RANCID-CONTENT-TYPE: cisco
!
hostname R2
!
no router ospf 1
!
end
[/configs/router2.cfg]

[configs/router4.cfg]
!RANCID-CONTENT-TYPE: cisco
!
hostname R4
!
no router ospf 1
!
end
[/configs/router4.cfg]"
Qwen2.5-7B-Instruct,"[configs/router1.cfg]
!RANCID-CONTENT-TYPE: cisco
!
hostname R1
!
ip route 10.0.2.0 255.255.255.0 10.0.12.2
!
end
[/configs/router1.cfg]

[configs/router3.cfg]
!RANCID-CONTENT-TYPE: cisco
!
hostname R3
!
ip route 10.0.1.0 255.255.255.0 10.0.23.2
!
end
[/configs/router3.cfg]"
Qwen2.5-7B-Instruct,"[configs/router2.cfg]
!RANCID-CONTENT-TYPE: cisco
!
hostname R2
!
ip route 0.0.0.0 0.0.0.0 10.0.12.1
!
end
[/configs/router2.cfg]

[configs/router4.cfg]
!RANCID-CONTENT-TYPE: cisco
!
hostname R4
!
ip route 0.0.0.0 0.0.0.0 10.0.14.1
!
end
[/configs/router4.cfg]"
Qwen2.5-7B-Instruct,"[configs/router2.cfg]
!RANCID-CONTENT-TYPE: cisco
!
hostname R2
!
ip route 10.0.14.0 255.255.255.0 10.0.24.2
!
end
[/configs/router2.cfg]

[configs/router3.cfg]
!RANCID-CONTENT-TYPE: cisco
!
hostname R3
!
ip route 10.0.14.0 255.255.255.0 10.0.34.2
!
end
[/configs/router3.cfg]"
Qwen2.5-7B-Instruct,"[configs/router1.cfg]
!RANCID-CONTENT-TYPE: cisco
!
hostname R1
!
ip route 10.0.23.0 255.255.255.0 10.0.12.2
!
end
[/configs/router1.cfg]

[configs/router4.cfg]
!RANCID-CONTENT-TYPE: cisco
!
hostname R4
!
ip route 10.0.23.0 255.255.255.0 10.0.14.2
!
end
[/configs/router4.cfg]"
Qwen2.5-7B-Instruct,"[configs/router3.cfg]
!RANCID-CONTENT-TYPE: cisco
!
hostname R3
!
no ip route 10.0.1.0 255.255.255.0 10.0.2.1
!
end
[/configs/router3.cfg]

[configs/router4.cfg]
!RANCID-CONTENT-TYPE: cisco
!
hostname R4
!
no ip route 10.0.1.0 255.255.255.0 10.0.14.1
!
end
[/configs/router4.cfg]"
Qwen2.5-7B-Instruct,"[configs/router1.cfg]
!RANCID-CONTENT-TYPE: cisco
!
hostname R1
!
ip route 10.0.34.0 255.255.255.0 10.0.14.2
!
end
[/configs/router1.cfg]

[configs/router2.cfg]
!RANCID-CONTENT-TYPE: cisco
!
hostname R2
!
ip route 10.0.34.0 255.255.255.0 10.0.24.2
!
end
[/configs/router2.cfg]"
Qwen2.5-7B-Instruct,"[configs/router1.cfg]
!RANCID-CONTENT-TYPE: cisco
!
hostname R1
!
interface Ethernet0/0
 ip nat inside
!
interface Ethernet0/1
 ip nat outside
!
ip nat inside source list 1 interface Ethernet0/1 overload
access-list 1 permit 10.0.1.0 0.0.0.255
!
end
[/configs/router1.cfg]"
Qwen2.5-7B-Instruct,"[configs/router3.cfg]
!RANCID-CONTENT-TYPE: cisco
!
hostname R3
!
interface Ethernet0/2
 ip nat inside
!
interface Ethernet0/0
 ip nat outside
!
ip nat inside source list 1 interface Ethernet0/0 overload
access-list 1 permit 10.0.34.0 0.0.0.255
!
end
[/configs/router3.cfg]"
Qwen2.5-7B-Instruct,"[configs/router2.cfg]
!RANCID-CONTENT-TYPE: cisco
!
hostname R2
!
ip access-list extended DENY_TELNET
 deny tcp 10.0.12.0 0.0.0.255 any eq 23
 permit ip any any
!
interface Ethernet0/0
 ip access-group DENY_TELNET in
!
!
end
[/configs/router2.cfg]"
Qwen2.5-7B-Instruct,"[configs/router1.cfg]
!RANCID-CONTENT-TYPE: cisco
!
hostname R1
!
ip access-list extended SSH_PERMIT
 permit tcp 10.0.12.0 0.0.0.255 any eq 22
 permit ip any any
!
!
end
[/configs/router1.cfg]

[configs/router3.cfg]
!RANCID-CONTENT-TYPE: cisco
!
hostname R3
!
ip access-list extended SSH_PERMIT
 permit tcp 10.0.12.0 0.0.0.255 any eq 22
 permit ip any any
!
!
end
[/configs/router3.cfg]"
Qwen2.5-7B-Instruct,"[configs/router1.cfg]
!RANCID-CONTENT-TYPE: cisco
!
hostname R1
!
ip nat inside source static 10.0.1.10 10.0.12.100
!
end
[/configs/router1.cfg]

[configs/router3.cfg]
!RANCID-CONTENT-TYPE: cisco
!
hostname R3
!
ip nat inside source static 10.0.2.10 10.0.23.100
!
end
[/configs/router3.cfg]"
Qwen2.5-7B-Instruct,"[configs/router4.cfg]
!RANCID-CONTENT-TYPE: cisco
!
hostname R4
!
ip access-list extended ALLOW_HTTPS_HTTP
 permit tcp 10.0.14.0 0.0.0.255 any eq 80
 permit tcp 10.0.14.0 0.0.0.255 any eq 443
!
interface Ethernet0/0
 ip access-group ALLOW_HTTPS_HTTP out
!
!
end
[/configs/router4.cfg]"
Qwen2.5-7B-Instruct,"[configs/router3.cfg]
!RANCID-CONTENT-TYPE: cisco
!
hostname R3
!
ip access-list standard PERMIT_LAN2
 permit 10.0.2.0 0.0.0.255
!
!
end
[/configs/router3.cfg]"
Qwen2.5-7B-Instruct,"[configs/router1.cfg]
!RANCID-CONTENT-TYPE: cisco
!
hostname R1
!
username admin privilege 15 secret mypassword
line vty 0 4
 transport input ssh
 login local
!
!
end
[/configs/router1.cfg]

[configs/router3.cfg]
!RANCID-CONTENT-TYPE: cisco
!
hostname R3
!
username admin privilege 15 secret mypassword
line vty 0 4
 transport input ssh
 login local
!
!
end
[/configs/router3.cfg]"
Qwen2.5-7B-Instruct,"[configs/router2.cfg]
!RANCID-CONTENT-TYPE: cisco
!
hostname R2
!
line vty 0 4
 transport input ssh
 login local
!
!
end
[/configs/router2.cfg]

[configs/router4.cfg]
!RANCID-CONTENT-TYPE: cisco
!
hostname R4
!
line vty 0 4
 transport input ssh
 login local
!
!
end
[/configs/router4.cfg]"
Qwen2.5-7B-Instruct,"[configs/router1.cfg]
!RANCID-CONTENT-TYPE: cisco
!
hostname R1
!
no cdp run
!
end
[/configs/router1.cfg]

[configs/router2.cfg]
!RANCID-CONTENT-TYPE: cisco
!
hostname R2
!
no cdp run
!
end
[/configs/router2.cfg]"
Qwen2.5-7B-Instruct,"[configs/router3.cfg]
!RANCID-CONTENT-TYPE: cisco
!
hostname R3
!
snmp-server community readonly ro
!
end
[/configs/router3.cfg]

[configs/router4.cfg]
!RANCID-CONTENT-TYPE: cisco
!
hostname R4
!
snmp-server community readonly ro
!
end
[/configs/router4.cfg]"
Qwen2.5-7B-Instruct,"[configs/router1.cfg]
!RANCID-CONTENT-TYPE: cisco
!
hostname R1
!
enable secret pass1
!
end
[/configs/router1.cfg]

[configs/router2.cfg]
!RANCID-CONTENT-TYPE: cisco
!
hostname R2
!
enable secret pass2
!
end
[/configs/router2.cfg]

[configs/router3.cfg]
!RANCID-CONTENT-TYPE: cisco
!
hostname R3
!
enable secret pass3
!
end
[/configs/router3.cfg]

[configs/router4.cfg]
!RANCID-CONTENT-TYPE: cisco
!
hostname R4
!
enable secret pass4
!
end
[/configs/router4.cfg]"
Qwen2.5-7B-Instruct,"[configs/router2.cfg]
!RANCID-CONTENT-TYPE: cisco
!
hostname R2
!
logging host 10.0.12.1
!
end
[/configs/router2.cfg]

[configs/router3.cfg]
!RANCID-CONTENT-TYPE: cisco
!
hostname R3
!
logging host 10.0.12.1
!
end
[/configs/router3.cfg]

[configs/router4.cfg]
!RANCID-CONTENT-TYPE: cisco
!
hostname R4
!
logging host 10.0.12.1
!
end
[/configs/router4.cfg]"
Qwen2.5-7B-Instruct,"[configs/router2.cfg]
!RANCID-CONTENT-TYPE: cisco
!
hostname R2
!
ntp server 10.0.1.1
!
end
[/configs/router2.cfg]

[configs/router3.cfg]
!RANCID-CONTENT-TYPE: cisco
!
hostname R3
!
ntp server 10.0.1.1
!
end
[/configs/router3.cfg]

[configs/router4.cfg]
!RANCID-CONTENT-TYPE: cisco
!
hostname R4
!
ntp server 10.0.1.1
!
end
[/configs/router4.cfg]"
Qwen2.5-7B-Instruct,"[configs/router1.cfg]
!RANCID-CONTENT-TYPE: cisco
!
hostname R1
!
interface Ethernet0/0
 no ip proxy-arp
!
interface Ethernet0/1
 no ip proxy-arp
!
interface Ethernet0/2
 no ip proxy-arp
!
!
end
[/configs/router1.cfg]

[configs/router3.cfg]
!RANCID-CONTENT-TYPE: cisco
!
hostname R3
!
interface Ethernet0/0
 no ip proxy-arp
!
interface Ethernet0/1
 no ip proxy-arp
!
interface Ethernet0/2
 no ip proxy-arp
!
!
end
[/configs/router3.cfg]"
Qwen2.5-7B-Instruct,"[configs/router2.cfg]
!RANCID-CONTENT-TYPE: cisco
!
hostname R2
!
interface Ethernet0/1
 mtu 1400
!
!
end
[/configs/router2.cfg]

[configs/router3.cfg]
!RANCID-CONTENT-TYPE: cisco
!
hostname R3
!
interface Ethernet0/0
 mtu 1400
!
!
end
[/configs/router3.cfg]"
Qwen2.5-7B-Instruct,"[configs/router1.cfg]
!RANCID-CONTENT-TYPE: cisco
!
hostname R1
!
interface Ethernet0/2
 bandwidth 2000
!
!
end
[/configs/router1.cfg]

[configs/router4.cfg]
!RANCID-CONTENT-TYPE: cisco
!
hostname R4
!
interface Ethernet0/0
 bandwidth 2000
!
!
end
[/configs/router4.cfg]"
Qwen2.5-7B-Instruct,"[configs/router3.cfg]
!RANCID-CONTENT-TYPE: cisco
!
hostname R3
!
interface Ethernet0/1
 description Link to R4
!
!
end
[/configs/router3.cfg]

[configs/router4.cfg]
!RANCID-CONTENT-TYPE: cisco
!
hostname R4
!
interface Ethernet0/2
 description Link to R3
!
!
end
[/configs/router4.cfg]"
Qwen2.5-7B-Instruct,"[configs/router2.cfg]
!RANCID-CONTENT-TYPE: cisco
!
hostname R2
!
interface Ethernet0/2
 shutdown
!
!
end
[/configs/router2.cfg]

[configs/router4.cfg]
!RANCID-CONTENT-TYPE: cisco
!
hostname R4
!
interface Ethernet0/1
 shutdown
!
!
end
[/configs/router4.cfg]"
Qwen2.5-7B-Instruct,"[configs/router1.cfg]
!RANCID-CONTENT-TYPE: cisco
!
hostname R1
!
interface loopback 0
 ip address 11.11.11.11 255.255.255.255
!
!
end
[/configs/router1.cfg]

[configs/router2.cfg]
!RANCID-CONTENT-TYPE: cisco
!
hostname R2
!
interface loopback 0
 ip address 22.22.22.22 255.255.255.255
!
!
end
[/configs/router2.cfg]"
Qwen2.5-7B-Instruct,"[configs/switch1.cfg]
!RANCID-CONTENT-TYPE: cisco
!
hostname SW1
!
spanning-tree vlan 10 root primary
spanning-tree vlan 20 root secondary
spanning-tree mode rapid-pvst
!
end
[/configs/switch1.cfg]

[configs/switch2.cfg]
!RANCID-CONTENT-TYPE: cisco
!
hostname SW2
!
spanning-tree vlan 30 root primary
spanning-tree vlan 40 root secondary
spanning-tree mode rapid-pvst
!
end
[/configs/switch2.cfg]"
Qwen2.5-7B-Instruct,"[configs/switch1.cfg]
!RANCID-CONTENT-TYPE: cisco
!
hostname SW1
!
interface FastEthernet0/24
 switchport mode trunk
 switchport trunk allowed vlan 10,20
 switchport trunk native vlan 10
!
!
end
[/configs/switch1.cfg]

[configs/switch2.cfg]
!RANCID-CONTENT-TYPE: cisco
!
hostname SW2
!
interface FastEthernet0/24
 switchport mode trunk
 switchport trunk allowed vlan 30,40
 switchport trunk native vlan 30
!
!
end
[/configs/switch2.cfg]"
Qwen2.5-7B-Instruct,"[configs/switch1.cfg]
!RANCID-CONTENT-TYPE: cisco
!
hostname SW1
!
interface vlan 10
 ip address 10.0.1.2 255.255.255.0
 no shutdown
!
!
end
[/configs/switch1.cfg]

[configs/switch2.cfg]
!RANCID-CONTENT-TYPE: cisco
!
hostname SW2
!
interface vlan 30
 ip address 10.0.2.2 255.255.255.0
 no shutdown
!
!
end
[/configs/switch2.cfg]"
Qwen2.5-7B-Instruct,"[configs/switch1.cfg]
!RANCID-CONTENT-TYPE: cisco
!
hostname SW1
!
interface FastEthernet0/1
 switchport port-security
 switchport port-security mac-address sticky
 switchport port-security maximum 1
 switchport port-security violation shutdown
!
!
end
[/configs/switch1.cfg]

[configs/switch2.cfg]
!RANCID-CONTENT-TYPE: cisco
!
hostname SW2
!
interface FastEthernet0/1
 switchport port-security
 switchport port-security mac-address sticky
 switchport port-security maximum 1
 switchport port-security violation shutdown
!
!
end
[/configs/switch2.cfg]"
Qwen2.5-7B-Instruct,"[configs/router1.cfg]
!RANCID-CONTENT-TYPE: cisco
!
hostname R1
!
ip dhcp pool VLAN10
 network 10.0.1.0 255.255.255.0
 excluded-address 10.0.1.1 10.0.1.10
!
!
end
[/configs/router1.cfg]

[configs/router3.cfg]
!RANCID-CONTENT-TYPE: cisco
!
hostname R3
!
ip dhcp pool VLAN30
 network 10.0.2.0 255.255.255.0
 excluded-address 10.0.2.1 10.0.2.10
!
!
end
[/configs/router3.cfg]"
Qwen2.5-7B-Instruct,"[configs/switch1.cfg]
!RANCID-CONTENT-TYPE: cisco
!
hostname SW1
!
interface FastEthernet0/1
 spanning-tree portfast
!
!
end
[/configs/switch1.cfg]

[configs/switch2.cfg]
!RANCID-CONTENT-TYPE: cisco
!
hostname SW2
!
interface FastEthernet0/1
 spanning-tree portfast
!
!
end
[/configs/switch2.cfg]"
Qwen2.5-7B-Instruct,"[configs/switch1.cfg]
!RANCID-CONTENT-TYPE: cisco
!
hostname SW1
!
vlan 20
!
interface range Fa0/1 - 24
 switchport mode trunk
 switchport trunk allowed vlan add 20
!
!
end
[/configs/switch1.cfg]

[configs/switch2.cfg]
!RANCID-CONTENT-TYPE: cisco
!
hostname SW2
!
vlan 40
!
interface range Fa0/1 - 24
 switchport mode trunk
 switchport trunk allowed vlan add 40
!
!
end
[/configs/switch2.cfg]"
Qwen2.5-7B-Instruct,"[configs/router1.cfg]
!RANCID-CONTENT-TYPE: cisco
!
hostname R1
!
interface Ethernet0/1
 ip address 10.0.12.1 255.255.255.0
 no shutdown
!
!
end
[/configs/router1.cfg]

[configs/router2.cfg]
!RANCID-CONTENT-TYPE: cisco
!
hostname R2
!
interface Ethernet0/0
 ip address 10.0.12.2 255.255.255.0
 no shutdown
!
!
end
[/configs/router2.cfg]"
Qwen2.5-7B-Instruct,"[configs/router2.cfg]
!RANCID-CONTENT-TYPE: cisco
!
hostname R2
!
interface Ethernet0/1
 ip address 10.0.23.2 255.255.255.0
 no shutdown
!
!
end
[/configs/router2.cfg]

[configs/router3.cfg]
!RANCID-CONTENT-TYPE: cisco
!
hostname R3
!
interface Ethernet0/0
 ip address 10.0.23.1 255.255.255.0
 no shutdown
!
!
end
[/configs/router3.cfg]"
Qwen2.5-7B-Instruct,"[configs/router1.cfg]
!RANCID-CONTENT-TYPE: cisco
!
hostname R1
!
interface Ethernet0/0
 ip address 10.0.1.1 255.255.255.0
 no shutdown
!
interface Ethernet0/1
 ip address 10.0.12.1 255.255.255.0
 no shutdown
!
interface Ethernet0/2
 ip address 10.0.14.1 255.255.255.0
 no shutdown
!
!
end
[/configs/router1.cfg]

[configs/router2.cfg]
!RANCID-CONTENT-TYPE: cisco
!
hostname R2
!
interface Ethernet0/0
 ip address 10.0.12.2 255.255.255.0
 no shutdown
!
interface Ethernet0/1
 ip address 10.0.23.1 255.255.255.0
 no shutdown
!
interface Ethernet0/2
 ip address 10.0.24.1 255.255.255.0
 no shutdown
!
!
end
[/configs/router2.cfg]

[configs/router3.cfg]
!RANCID-CONTENT-TYPE: cisco
!
hostname R3
!
interface Ethernet0/0
 ip address 10.0.23.2 255.255.255.0
 no shutdown
!
interface Ethernet0/1
 ip address 10.0.34.1 255.255.255.0
 no shutdown
!
interface Ethernet0/2
!
!
end
[/configs/router3.cfg]"
Qwen2.5-7B-Instruct,"[configs/router1.cfg]
!RANCID-CONTENT-TYPE: cisco
!
hostname R1
!
hostname Router-R1
enable secret sec1
!
end
[/configs/router1.cfg]

[configs/router2.cfg]
!RANCID-CONTENT-TYPE: cisco
!
hostname R2
!
hostname Router-R2
enable secret sec2
!
end
[/configs/router2.cfg]

[configs/router3.cfg]
!RANCID-CONTENT-TYPE: cisco
!
hostname R3
!
hostname Router-R3
enable secret sec3
!
end
[/configs/router3.cfg]

[configs/router4.cfg]
!RANCID-CONTENT-TYPE: cisco
!
hostname R4
!
hostname Router-R4
enable secret sec4
!
end
[/configs/router4.cfg]"
Qwen2.5-7B-Instruct,"[configs/router1.cfg]
!RANCID-CONTENT-TYPE: cisco
!
hostname R1
!
ntp server 10.0.1.1
clock timezone UTC 0
!
end
[/configs/router1.cfg]

[configs/router2.cfg]
!RANCID-CONTENT-TYPE: cisco
!
hostname R2
!
ntp server 10.0.1.1
clock timezone UTC 0
!
end
[/configs/router2.cfg]

[configs/router3.cfg]
!RANCID-CONTENT-TYPE: cisco
!
hostname R3
!
ntp server 10.0.1.1
clock timezone UTC 0
!
end
[/configs/router3.cfg]

[configs/router4.cfg]
!RANCID-CONTENT-TYPE: cisco
!
hostname R4
!
ntp server 10.0.1.1
clock timezone UTC 0
!
end
[/configs/router4.cfg]"
Qwen2.5-7B-Instruct,"[configs/router1.cfg]
!RANCID-CONTENT-TYPE: cisco
!
hostname R1
!
ip arp 10.0.1.10 0050.7966.6800 Ethernet0/0
!
end
[/configs/router1.cfg]

[configs/router3.cfg]
!RANCID-CONTENT-TYPE: cisco
!
hostname R3
!
ip arp 10.0.2.10 0050.7966.6801 Ethernet0/2
!
end
[/configs/router3.cfg]"
Qwen2.5-7B-Instruct,None
Qwen2.5-7B-Instruct,None
Qwen2.5-7B-Instruct,"[configs/router1.cfg]
!RANCID-CONTENT-TYPE: cisco
!
hostname R1
!
interface Ethernet0/1
!
!
end
[/configs/router1.cfg]

[configs/router2.cfg]
!RANCID-CONTENT-TYPE: cisco
!
hostname R2
!
interface Ethernet0/0
!
!
end
[/configs/router2.cfg]"
Qwen2.5-7B-Instruct,"[configs/switch1.cfg]
!RANCID-CONTENT-TYPE: cisco
!
hostname SW1
!
interface FastEthernet0/1
 storm-control broadcast level percent 15
!
!
end
[/configs/switch1.cfg]

[configs/switch2.cfg]
!RANCID-CONTENT-TYPE: cisco
!
hostname SW2
!
interface FastEthernet0/1
 storm-control broadcast level percent 15
!
!
end
[/configs/switch2.cfg]"
Qwen2.5-7B-Instruct,"[configs/router1.cfg]
!RANCID-CONTENT-TYPE: cisco
!
hostname R1
!
interface Ethernet0/0
 arp timer 120
!
!
end
[/configs/router1.cfg]"
Qwen2.5-7B-Instruct,"[configs/router2.cfg]
!RANCID-CONTENT-TYPE: cisco
!
hostname R2
!
router ospf 1
 network 10.0.23.0 0.0.0.255 area 0
 no shutdown
 ip ospf 1 area 0
!
!
end
[/configs/router2.cfg]"
Qwen2.5-7B-Instruct,"[configs/router4.cfg]
!RANCID-CONTENT-TYPE: cisco
!
hostname R4
!
ip arp 10.0.14.1 0050.7966.6802 fast-install
!
end
[/configs/router4.cfg]"
Qwen2.5-7B-Instruct,None
Qwen2.5-7B-Instruct,"[configs/router3.cfg]
!RANCID-CONTENT-TYPE: cisco
!
hostname R3
!
interface Ethernet0/0
 ip address 10.0.34.1 255.255.255.0
!
!
end
[/configs/router3.cfg]

[configs/router4.cfg]
!RANCID-CONTENT-TYPE: cisco
!
hostname R4
!
interface Ethernet0/2
 ip address 10.0.34.2 255.255.255.0
!
!
end
[/configs/router4.cfg]"
Gemma-2-9B-it,"[configs/router1.cfg]
!RANCID-CONTENT-TYPE: cisco
!
hostname R1
!
interface Ethernet0/2
 ip address 10.0.14.1 255.255.255.0
!
!
end
[/configs/router1.cfg]"
Gemma-2-9B-it,"[configs/router2.cfg]
!RANCID-CONTENT-TYPE: cisco
!
hostname R2
!
interface Ethernet0/1
 mtu 1500
!
!
end
[/configs/router2.cfg]"
Gemma-2-9B-it,"[configs/router3.cfg]
!RANCID-CONTENT-TYPE: cisco
!
hostname R3
!
interface Loopback0
 ip address 33.33.33.33 32
!
!
end
[/configs/router3.cfg]"
Gemma-2-9B-it,"[configs/router1.cfg]
!RANCID-CONTENT-TYPE: cisco
!
hostname R1
!
interface Ethernet0/2
 no shutdown
!
!
end
[/configs/router1.cfg]"
Gemma-2-9B-it,"[configs/router2.cfg]
!RANCID-CONTENT-TYPE: cisco
!
hostname R2
!
interface Ethernet0/2
 shutdown
!
!
end
[/configs/router2.cfg]"
Gemma-2-9B-it,"[configs/router2.cfg]
!RANCID-CONTENT-TYPE: cisco
!
hostname R2
!
interface Ethernet0/1
 description Link to R3
!
!
end
[/configs/router2.cfg]"
Gemma-2-9B-it,"[configs/router3.cfg]
!RANCID-CONTENT-TYPE: cisco
!
hostname R3
!
interface Ethernet0/0
 bandwidth 1500
!
!
end
[/configs/router3.cfg]"
Gemma-2-9B-it,"[configs/router3.cfg]
!RANCID-CONTENT-TYPE: cisco
!
hostname R3
!
interface Ethernet0/2
 no ip proxy-arp
!
!
end
[/configs/router3.cfg]"
Gemma-2-9B-it,"[configs/router4.cfg]
!RANCID-CONTENT-TYPE: cisco
!
hostname R4
!
interface Ethernet0/1
 arp timeout 600
!
!
end
[/configs/router4.cfg]"
Gemma-2-9B-it,"[configs/router4.cfg]
!RANCID-CONTENT-TYPE: cisco
!
hostname R4
!
interface Loopback0
 ip address 44.44.44.44 255.255.255.255
!
!
end
[/configs/router4.cfg]"
Gemma-2-9B-it,"[configs/router3.cfg]
!RANCID-CONTENT-TYPE: cisco
!
hostname R3
!
ip route 10.0.1.0 255.255.255.0 10.0.12.2
!
end
[/configs/router3.cfg]"
Gemma-2-9B-it,"[configs/router4.cfg]
!RANCID-CONTENT-TYPE: cisco
!
hostname R4
!
ip route 0.0.0.0 0.0.0.0 10.0.1.1
!
end
[/configs/router4.cfg]"
Gemma-2-9B-it,"[configs/router2.cfg]
!RANCID-CONTENT-TYPE: cisco
!
hostname R2
!
ip route 10.0.1.0 255.255.255.0 10.0.12.1
!
end
[/configs/router2.cfg]"
Gemma-2-9B-it,"[configs/router2.cfg]
!RANCID-CONTENT-TYPE: cisco
!
hostname R2
!
router ospf 2
 network 10.0.12.0 0.0.0.255 area 0
 network 10.0.23.0 0.0.0.255 area 0
 network 10.0.24.0 0.0.0.255 area 0
!
!
end
[/configs/router2.cfg]"
Gemma-2-9B-it,"[configs/router3.cfg]
!RANCID-CONTENT-TYPE: cisco
!
hostname R3
!
router ospf 1
 router-id 3.3.3.3
!
!
end
[/configs/router3.cfg]"
Gemma-2-9B-it,"[configs/router2.cfg]
!RANCID-CONTENT-TYPE: cisco
!
hostname R2
!
interface Ethernet0/2
 ip ospf cost 50
!
!
end
[/configs/router2.cfg]"
Gemma-2-9B-it,"[configs/router4.cfg]
!RANCID-CONTENT-TYPE: cisco
!
hostname R4
!
router ospf 1
 passive
!
!
end
[/configs/router4.cfg]"
Gemma-2-9B-it,"[configs/router4.cfg]
!RANCID-CONTENT-TYPE: cisco
!
hostname R4
!
no ip route 0.0.0.0 0.0.0.0 10.0.1.1
!
end
[/configs/router4.cfg]"
Gemma-2-9B-it,"[configs/router3.cfg]
!RANCID-CONTENT-TYPE: cisco
!
hostname R3
!
interface Ethernet0/2
 ip ospf hello-interval 10
!
!
end
[/configs/router3.cfg]"
Gemma-2-9B-it,"[configs/router1.cfg]
!RANCID-CONTENT-TYPE: cisco
!
hostname R1
!
interface Ethernet0/2
 ip ospf authentication-type simple password netpass
!
!
end
[/configs/router1.cfg]"
Gemma-2-9B-it,"[configs/router1.cfg]
!RANCID-CONTENT-TYPE: cisco
!
hostname R1
!
ip access-list extended DENY_TCP
 deny tcp 10.0.1.0 0.0.255.255.0 any eq 23
 permit ip any any
!
!
end
[/configs/router1.cfg]"
Gemma-2-9B-it,"[configs/router1.cfg]
!RANCID-CONTENT-TYPE: cisco
!
hostname R1
!
ip access-list extended DENY_TELNET
 deny tcp 10.0.1.0 0.0.255.255.0 any eq 23
 permit ip any any
!
interface Ethernet0/0
 access-list DENY_TELNET in
!
!
end
[/configs/router1.cfg]"
Gemma-2-9B-it,"[configs/router3.cfg]
!RANCID-CONTENT-TYPE: cisco
!
hostname R3
!
ip access-list standard PERMIT_2_0
 permit ip 10.0.2.0 0.0.0.255 any
!
!
end
[/configs/router3.cfg]"
Gemma-2-9B-it,"[configs/router4.cfg]
!RANCID-CONTENT-TYPE: cisco
!
hostname R4
!
ip access-list extended DENY_ICMP
 deny icmp any 10.0.14.0 0.0.0.255
 permit ip any any
!
!
end
[/configs/router4.cfg]"
Gemma-2-9B-it,"[configs/router3.cfg]
!RANCID-CONTENT-TYPE: cisco
!
hostname R3
!
crypto ssh host-key
!
end
[/configs/router3.cfg]"
Gemma-2-9B-it,"[configs/router4.cfg]
!RANCID-CONTENT-TYPE: cisco
!
hostname R4
!
line vty 0 15
 password cisco
 login
!
!
end
[/configs/router4.cfg]"
Gemma-2-9B-it,"[configs/router1.cfg]
!RANCID-CONTENT-TYPE: cisco
!
hostname R1
!
enable secret Cisco
!
end
[/configs/router1.cfg]"
Gemma-2-9B-it,"[configs/router2.cfg]
!RANCID-CONTENT-TYPE: cisco
!
hostname R2
!
password cisco
!
end
[/configs/router2.cfg]"
Gemma-2-9B-it,"[configs/router3.cfg]
!RANCID-CONTENT-TYPE: cisco
!
hostname R3
!
aaa new-model
!
end
[/configs/router3.cfg]"
Gemma-2-9B-it,"[configs/router1.cfg]
!RANCID-CONTENT-TYPE: cisco
!
hostname R1
!
ip community string private ro
ip community string private rw
!
end
[/configs/router1.cfg]"
Gemma-2-9B-it,"[configs/switch2.cfg]
!RANCID-CONTENT-TYPE: cisco
!
hostname SW2
!
vlan 20
 name VLAN20
!
!
end
[/configs/switch2.cfg]"
Gemma-2-9B-it,"[configs/switch1.cfg]
!RANCID-CONTENT-TYPE: cisco
!
hostname SW1
!
interface Fa0/1
 switchport mode access
 switchport access vlan 10
 switchport portfast
 switchport bpduguard enable
!
!
end
[/configs/switch1.cfg]"
Gemma-2-9B-it,"[configs/switch2.cfg]
!RANCID-CONTENT-TYPE: cisco
!
hostname SW2
!
spanning-tree vlan 40
!
end
[/configs/switch2.cfg]"
Gemma-2-9B-it,"[configs/switch1.cfg]
!RANCID-CONTENT-TYPE: cisco
!
hostname SW1
!
interface Fa0/24
 switchport mode trunk
 switchport native vlan 20
!
!
end
[/configs/switch1.cfg]"
Gemma-2-9B-it,"[configs/switch2.cfg]
!RANCID-CONTENT-TYPE: cisco
!
hostname SW2
!
interface vlan 40
 ip address 10.0.4.1 255.255.255.0
!
!
end
[/configs/switch2.cfg]"
Gemma-2-9B-it,"[configs/switch2.cfg]
!RANCID-CONTENT-TYPE: cisco
!
hostname SW2
!
interface Fa0/1
 storm-control broadcast 10
!
!
end
[/configs/switch2.cfg]"
Gemma-2-9B-it,"[configs/switch1.cfg]
!RANCID-CONTENT-TYPE: cisco
!
hostname SW1
!
interface Fa0/24
 switchport mode trunk
 switchport trunk allowed vlan 10,20
!
vlan 20
 name VLAN20
!
!
end
[/configs/switch1.cfg]"
Gemma-2-9B-it,"[configs/switch2.cfg]
!RANCID-CONTENT-TYPE: cisco
!
hostname SW2
!
interface Fa0/1
 switchport port-security maximum 2
 switchport port-security violation restrict
!
!
end
[/configs/switch2.cfg]"
Gemma-2-9B-it,"[configs/router4.cfg]
!RANCID-CONTENT-TYPE: cisco
!
hostname R4
!
ip dhcp pool R4_DHCP
 network 10.0.14.0 255.255.255.0
 default-router 10.0.14.1
 dns-server 10.0.1.1
!
!
end
[/configs/router4.cfg]"
Gemma-2-9B-it,"[configs/router3.cfg]
!RANCID-CONTENT-TYPE: cisco
!
hostname R3
!
ip dhcp pool R3_POOL
 network 10.0.2.0 255.255.255.0
 exclude 10.0.2.1 10.0.2.5
!
!
end
[/configs/router3.cfg]"
Gemma-2-9B-it,"[configs/router3.cfg]
!RANCID-CONTENT-TYPE: cisco
!
hostname R3
!
ntp server 10.0.23.2
!
end
[/configs/router3.cfg]"
Gemma-2-9B-it,"[configs/router2.cfg]
!RANCID-CONTENT-TYPE: cisco
!
hostname R2
!
logging informational
!
end
[/configs/router2.cfg]"
Gemma-2-9B-it,"[configs/router4.cfg]
!RANCID-CONTENT-TYPE: cisco
!
hostname R4
!
interface Ethernet0/2
 cdp enable
!
!
end
[/configs/router4.cfg]"
Gemma-2-9B-it,"[configs/router3.cfg]
!RANCID-CONTENT-TYPE: cisco
!
hostname R3
!
hostname Edge-R3
!
end
[/configs/router3.cfg]"
Gemma-2-9B-it,None
Gemma-2-9B-it,"[configs/router1.cfg]
!RANCID-CONTENT-TYPE: cisco
!
hostname R1
!
router ospf 1
 network 10.0.1.0 0.0.0.255 area 0
 network 10.0.12.0 0.0.0.255 area 0
 network 10.0.14.0 0.0.0.255 area 0
!
!
end
[/configs/router1.cfg]

[configs/router2.cfg]
!RANCID-CONTENT-TYPE: cisco
!
hostname R2
!
router ospf 1
 network 10.0.12.0 0.0.0.255 area 0
 network 10.0.23.0 0.0.0.255 area 0
 network 10.0.24.0 0.0.0.255 area 0
!
!
end
[/configs/router2.cfg]

[configs/router3.cfg]
!RANCID-CONTENT-TYPE: cisco
!
hostname R3
!
router ospf 1
 network 10.0.23.0 0.0.0.255 area 0
 network 10.0.34.0 0.0.0.255 area 0
 network 10.0.2.0 0.0.0.255 area 0
!
!
end
[/configs/router3.cfg]

[configs/router4.cfg]
!RANCID-CONTENT-TYPE: cisco
!
hostname R4
!
router ospf 1
 network 10.0.14.0 0.0.0.255 area 0
 network 10.0.24.0 0.0.0.255 area 0
 network 10.0.34.0 0.0.0.255 area 0
!
!
end
[/configs/router4.cfg]"
Gemma-2-9B-it,"[configs/router1.cfg]
!RANCID-CONTENT-TYPE: cisco
!
hostname R1
!
interface Ethernet0/1
 ip ospf authentication-key ospfkey
!
!
end
[/configs/router1.cfg]

[configs/router2.cfg]
!RANCID-CONTENT-TYPE: cisco
!
hostname R2
!
interface Ethernet0/0
 ip ospf authentication-key ospfkey
!
!
end
[/configs/router2.cfg]"
Gemma-2-9B-it,"[configs/router3.cfg]
!RANCID-CONTENT-TYPE: cisco
!
hostname R3
!
interface Ethernet0/2
 ip ospf hello-interval 5
 ip ospf dead-interval 20
!
!
end
[/configs/router3.cfg]

[configs/router4.cfg]
!RANCID-CONTENT-TYPE: cisco
!
hostname R4
!
interface Ethernet0/2
 ip ospf hello-interval 5
 ip ospf dead-interval 20
!
!
end
[/configs/router4.cfg]"
Gemma-2-9B-it,"[configs/router1.cfg]
!RANCID-CONTENT-TYPE: cisco
!
hostname R1
!
interface Loopback0
 ip address 10.0.1.1 255.255.255.255
 no shutdown
!
!
end
[/configs/router1.cfg]

[configs/router2.cfg]
!RANCID-CONTENT-TYPE: cisco
!
hostname R2
!
interface Loopback0
 ip address 10.0.12.2 255.255.255.255
 no shutdown
!
!
end
[/configs/router2.cfg]

[configs/router3.cfg]
!RANCID-CONTENT-TYPE: cisco
!
hostname R3
!
interface Loopback0
 ip address 10.0.23.2 255.255.255.255
 no shutdown
!
!
end
[/configs/router3.cfg]

[configs/router4.cfg]
!RANCID-CONTENT-TYPE: cisco
!
hostname R4
!
interface Loopback0
 ip address 10.0.14.2 255.255.255.255
 no shutdown
!
!
end
[/configs/router4.cfg]"
Gemma-2-9B-it,"[configs/router2.cfg]
!RANCID-CONTENT-TYPE: cisco
!
hostname R2
!
interface Ethernet0/2
 ip ospf cost 200
!
!
end
[/configs/router2.cfg]

[configs/router4.cfg]
!RANCID-CONTENT-TYPE: cisco
!
hostname R4
!
interface Ethernet0/1
 ip ospf cost 200
!
!
end
[/configs/router4.cfg]"
Gemma-2-9B-it,"[configs/router1.cfg]
!RANCID-CONTENT-TYPE: cisco
!
hostname R1
!
router ospf 1
 passive-interface Ethernet0/0
 passive-interface Ethernet0/2
!
!
end
[/configs/router1.cfg]

[configs/router3.cfg]
!RANCID-CONTENT-TYPE: cisco
!
hostname R3
!
router ospf 1
 passive-interface Ethernet0/1
 passive-interface Ethernet0/2
!
!
end
[/configs/router3.cfg]"
Gemma-2-9B-it,"[configs/router2.cfg]
!RANCID-CONTENT-TYPE: cisco
!
hostname R2
!
no ip ospf 1
!
end
[/configs/router2.cfg]

[configs/router4.cfg]
!RANCID-CONTENT-TYPE: cisco
!
hostname R4
!
no ip ospf 1
!
end
[/configs/router4.cfg]"
Gemma-2-9B-it,"[configs/router1.cfg]
!RANCID-CONTENT-TYPE: cisco
!
hostname R1
!
ip route 10.0.2.0 255.255.255.0 10.0.12.2
!
end
[/configs/router1.cfg]

[configs/router3.cfg]
!RANCID-CONTENT-TYPE: cisco
!
hostname R3
!
ip route 10.0.1.0 255.255.255.0 10.0.23.2
!
end
[/configs/router3.cfg]"
Gemma-2-9B-it,"[configs/router2.cfg]
!RANCID-CONTENT-TYPE: cisco
!
hostname R2
!
ip route 0.0.0.0 0.0.0.0 10.0.1.1
!
end
[/configs/router2.cfg]

[configs/router4.cfg]
!RANCID-CONTENT-TYPE: cisco
!
hostname R4
!
ip route 0.0.0.0 0.0.0.0 10.0.1.1
!
end
[/configs/router4.cfg]"
Gemma-2-9B-it,"[configs/router2.cfg]
!RANCID-CONTENT-TYPE: cisco
!
hostname R2
!
ip route 10.0.14.0 255.255.255.0 10.0.24.2
!
end
[/configs/router2.cfg]

[configs/router3.cfg]
!RANCID-CONTENT-TYPE: cisco
!
hostname R3
!
ip route 10.0.14.0 255.255.255.0 10.0.34.2
!
end
[/configs/router3.cfg]"
Gemma-2-9B-it,"[configs/router1.cfg]
!RANCID-CONTENT-TYPE: cisco
!
hostname R1
!
ip route 10.0.23.0 255.255.255.0 10.0.12.2
!
end
[/configs/router1.cfg]

[configs/router4.cfg]
!RANCID-CONTENT-TYPE: cisco
!
hostname R4
!
ip route 10.0.23.0 255.255.255.0 10.0.24.2
!
end
[/configs/router4.cfg]"
Gemma-2-9B-it,"[configs/router3.cfg]
!RANCID-CONTENT-TYPE: cisco
!
hostname R3
!
no ip route 10.0.1.0 255.255.255.0
!
end
[/configs/router3.cfg]

[configs/router4.cfg]
!RANCID-CONTENT-TYPE: cisco
!
hostname R4
!
no ip route 10.0.1.0 255.255.255.0
!
end
[/configs/router4.cfg]"
Gemma-2-9B-it,"[configs/router1.cfg]
!RANCID-CONTENT-TYPE: cisco
!
hostname R1
!
ip route 10.0.34.0 255.255.255.0 10.0.14.2
!
end
[/configs/router1.cfg]

[configs/router2.cfg]
!RANCID-CONTENT-TYPE: cisco
!
hostname R2
!
ip route 10.0.34.0 255.255.255.0 10.0.24.2
!
end
[/configs/router2.cfg]"
Gemma-2-9B-it,"[configs/router1.cfg]
!RANCID-CONTENT-TYPE: cisco
!
hostname R1
!
interface Ethernet0/0
 ip nat inside
!
interface Ethernet0/1
 ip nat outside
!
!
end
[/configs/router1.cfg]"
Gemma-2-9B-it,"[configs/router3.cfg]
!RANCID-CONTENT-TYPE: cisco
!
hostname R3
!
interface Ethernet0/2
 ip nat inside
!
interface Ethernet0/0
 ip nat outside
!
!
end
[/configs/router3.cfg]"
Gemma-2-9B-it,"[configs/router2.cfg]
!RANCID-CONTENT-TYPE: cisco
!
hostname R2
!
ip access-list extended DENY_TELNET
 deny tcp 10.0.12.0 0.0.0.255 10.0.23.0 0.0.0.255 eq 23
 permit ip any any
!
interface Ethernet0/0
 access-list DENY_TELNET in
!
!
end
[/configs/router2.cfg]"
Gemma-2-9B-it,"[configs/router1.cfg]
!RANCID-CONTENT-TYPE: cisco
!
hostname R1
!
ip access-list extended PERMIT_SSH
 permit tcp 10.0.12.0 0.0.0.255 22
 deny ip any any
!
!
end
[/configs/router1.cfg]

[configs/router3.cfg]
!RANCID-CONTENT-TYPE: cisco
!
hostname R3
!
ip access-list extended PERMIT_SSH
 permit tcp 10.0.12.0 0.0.0.255 22
 deny ip any any
!
!
end
[/configs/router3.cfg]"
Gemma-2-9B-it,"[configs/router1.cfg]
!RANCID-CONTENT-TYPE: cisco
!
hostname R1
!
ip nat inside source list 10
!
end
[/configs/router1.cfg]

[configs/router3.cfg]
!RANCID-CONTENT-TYPE: cisco
!
hostname R3
!
ip nat inside source list 20
!
end
[/configs/router3.cfg]"
Gemma-2-9B-it,"[configs/router4.cfg]
!RANCID-CONTENT-TYPE: cisco
!
hostname R4
!
ip access-list extended PERMIT_HTTP_HTTPS
 permit tcp 10.0.14.0 0.0.0.255 any eq 80
 permit tcp 10.0.14.0 0.0.0.255 any eq 443
!
interface Ethernet0/2
 access-list out PERMIT_HTTP_HTTPS
!
!
end
[/configs/router4.cfg]"
Gemma-2-9B-it,"[configs/router3.cfg]
!RANCID-CONTENT-TYPE: cisco
!
hostname R3
!
ip access-list standard PERMIT_LAN2
 permit ip 10.0.2.0 0.0.0.255
!
interface Ethernet0/2
 ip access-group PERMIT_LAN2 in
 no ip access-group PERMIT_LAN2 out
!
!
end
[/configs/router3.cfg]"
Gemma-2-9B-it,"[configs/router1.cfg]
!RANCID-CONTENT-TYPE: cisco
!
hostname R1
!
crypto ssh host-key
!
end
[/configs/router1.cfg]

[configs/router3.cfg]
!RANCID-CONTENT-TYPE: cisco
!
hostname R3
!
crypto ssh host-key
!
end
[/configs/router3.cfg]"
Gemma-2-9B-it,"[configs/router2.cfg]
!RANCID-CONTENT-TYPE: cisco
!
hostname R2
!
line vty 0 15
 transport input ssh
 login local
!
!
end
[/configs/router2.cfg]

[configs/router4.cfg]
!RANCID-CONTENT-TYPE: cisco
!
hostname R4
!
line vty 0 15
 transport input ssh
 login local
!
!
end
[/configs/router4.cfg]"
Gemma-2-9B-it,"[configs/router1.cfg]
!RANCID-CONTENT-TYPE: cisco
!
hostname R1
!
no cdp enable
!
end
[/configs/router1.cfg]

[configs/router2.cfg]
!RANCID-CONTENT-TYPE: cisco
!
hostname R2
!
no cdp enable
!
end
[/configs/router2.cfg]"
Gemma-2-9B-it,"[configs/router3.cfg]
!RANCID-CONTENT-TYPE: cisco
!
hostname R3
!
snmp-server community readonly ro
!
end
[/configs/router3.cfg]

[configs/router4.cfg]
!RANCID-CONTENT-TYPE: cisco
!
hostname R4
!
snmp-server community readonly ro
!
end
[/configs/router4.cfg]"
Gemma-2-9B-it,"[configs/router1.cfg]
!RANCID-CONTENT-TYPE: cisco
!
hostname R1
!
enable secret pass1
!
end
[/configs/router1.cfg]

[configs/router2.cfg]
!RANCID-CONTENT-TYPE: cisco
!
hostname R2
!
enable secret pass2
!
end
[/configs/router2.cfg]

[configs/router3.cfg]
!RANCID-CONTENT-TYPE: cisco
!
hostname R3
!
enable secret pass3
!
end
[/configs/router3.cfg]

[configs/router4.cfg]
!RANCID-CONTENT-TYPE: cisco
!
hostname R4
!
enable secret pass4
!
end
[/configs/router4.cfg]"
Gemma-2-9B-it,"[configs/router2.cfg]
!RANCID-CONTENT-TYPE: cisco
!
hostname R2
!
logging host 10.0.12.1
!
end
[/configs/router2.cfg]

[configs/router3.cfg]
!RANCID-CONTENT-TYPE: cisco
!
hostname R3
!
logging host 10.0.12.1
!
end
[/configs/router3.cfg]

[configs/router4.cfg]
!RANCID-CONTENT-TYPE: cisco
!
hostname R4
!
logging host 10.0.12.1
!
end
[/configs/router4.cfg]"
Gemma-2-9B-it,"[configs/router2.cfg]
!RANCID-CONTENT-TYPE: cisco
!
hostname R2
!
ntp server 10.0.1.1
!
end
[/configs/router2.cfg]

[configs/router3.cfg]
!RANCID-CONTENT-TYPE: cisco
!
hostname R3
!
ntp server 10.0.1.1
!
end
[/configs/router3.cfg]

[configs/router4.cfg]
!RANCID-CONTENT-TYPE: cisco
!
hostname R4
!
ntp server 10.0.1.1
!
end
[/configs/router4.cfg]"
Gemma-2-9B-it,"[configs/router1.cfg]
!RANCID-CONTENT-TYPE: cisco
!
hostname R1
!
no ip proxy-arp
!
end
[/configs/router1.cfg]

[configs/router3.cfg]
!RANCID-CONTENT-TYPE: cisco
!
hostname R3
!
no ip proxy-arp
!
end
[/configs/router3.cfg]"
Gemma-2-9B-it,"[configs/router2.cfg]
!RANCID-CONTENT-TYPE: cisco
!
hostname R2
!
interface Ethernet0/1
 mtu 1400
!
!
end
[/configs/router2.cfg]

[configs/router3.cfg]
!RANCID-CONTENT-TYPE: cisco
!
hostname R3
!
interface Ethernet0/0
 mtu 1400
!
!
end
[/configs/router3.cfg]"
Gemma-2-9B-it,"[configs/router1.cfg]
!RANCID-CONTENT-TYPE: cisco
!
hostname R1
!
interface Ethernet0/2
 bandwidth 2000
!
!
end
[/configs/router1.cfg]

[configs/router4.cfg]
!RANCID-CONTENT-TYPE: cisco
!
hostname R4
!
interface Ethernet0/0
 bandwidth 2000
!
!
end
[/configs/router4.cfg]"
Gemma-2-9B-it,"[configs/router3.cfg]
!RANCID-CONTENT-TYPE: cisco
!
hostname R3
!
interface Ethernet0/1
 description Link to R4
!
!
end
[/configs/router3.cfg]

[configs/router4.cfg]
!RANCID-CONTENT-TYPE: cisco
!
hostname R4
!
interface Ethernet0/2
 description Link to R3
!
!
end
[/configs/router4.cfg]"
Gemma-2-9B-it,"[configs/router1.cfg]
!RANCID-CONTENT-TYPE: cisco
!
hostname R1
!
interface Ethernet0/1
 shutdown
!
!
end
[/configs/router1.cfg]

[configs/router2.cfg]
!RANCID-CONTENT-TYPE: cisco
!
hostname R2
!
interface Ethernet0/2
 shutdown
!
!
end
[/configs/router2.cfg]"
Gemma-2-9B-it,"[configs/router1.cfg]
!RANCID-CONTENT-TYPE: cisco
!
hostname R1
!
interface Loopback0
 ip address 11.11.11.11 255.0.0.0
!
!
end
[/configs/router1.cfg]

[configs/router2.cfg]
!RANCID-CONTENT-TYPE: cisco
!
hostname R2
!
interface Loopback0
 ip address 22.22.22.22 255.0.0.0
!
!
end
[/configs/router2.cfg]"
Gemma-2-9B-it,"[configs/switch1.cfg]
!RANCID-CONTENT-TYPE: cisco
!
hostname SW1
!
spanning-tree mode rapid-pvst
spanning-tree vlan 10 root primary
!
end
[/configs/switch1.cfg]

[configs/switch2.cfg]
!RANCID-CONTENT-TYPE: cisco
!
hostname SW2
!
spanning-tree mode rapid-pvst
spanning-tree vlan 30 root primary
!
end
[/configs/switch2.cfg]"
Gemma-2-9B-it,"[configs/switch1.cfg]
!RANCID-CONTENT-TYPE: cisco
!
hostname SW1
!
interface Fa0/24
 switchport mode trunk
 switchport trunk allowed vlan 10,20
 switchport trunk native vlan 10
!
!
end
[/configs/switch1.cfg]

[configs/switch2.cfg]
!RANCID-CONTENT-TYPE: cisco
!
hostname SW2
!
interface Fa0/24
 switchport mode trunk
 switchport trunk allowed vlan 30,40
 switchport trunk native vlan 30
!
!
end
[/configs/switch2.cfg]"
Gemma-2-9B-it,"[configs/switch1.cfg]
!RANCID-CONTENT-TYPE: cisco
!
hostname SW1
!
interface vlan 10
 ip address 10.0.1.2 255.255.255.0
 no shutdown
!
interface vlan 30
!
!
end
[/configs/switch1.cfg]

[configs/switch2.cfg]
!RANCID-CONTENT-TYPE: cisco
!
hostname SW2
!
interface vlan 30
 ip address 10.0.2.2 255.255.255.0
 no shutdown
!
!
end
[/configs/switch2.cfg]"
Gemma-2-9B-it,"[configs/switch1.cfg]
!RANCID-CONTENT-TYPE: cisco
!
hostname SW1
!
interface Fa0/1
 switchport port-security enable
 switchport port-security mac-address 00:00:00:00:00:01
 switchport port-security violation shutdown
!
!
end
[/configs/switch1.cfg]

[configs/switch2.cfg]
!RANCID-CONTENT-TYPE: cisco
!
hostname SW2
!
interface Fa0/1
 switchport port-security enable
 switchport port-security mac-address 00:00:00:00:00:01
 switchport port-security violation shutdown
!
!
end
[/configs/switch2.cfg]"
Gemma-2-9B-it,"[configs/router1.cfg]
!RANCID-CONTENT-TYPE: cisco
!
hostname R1
!
ip dhcp pool 10.0.1
 network 10.0.1.0 255.255.255.0
 exclude 10.0.1.0 10.0.1.9
 default-router 10.0.1.1
!
!
end
[/configs/router1.cfg]

[configs/router3.cfg]
!RANCID-CONTENT-TYPE: cisco
!
hostname R3
!
ip dhcp pool 10.0.2
 network 10.0.2.0 255.255.255.0
 exclude 10.0.2.0 10.0.2.9
 default-router 10.0.2.1
!
!
end
[/configs/router3.cfg]"
Gemma-2-9B-it,"[configs/switch1.cfg]
!RANCID-CONTENT-TYPE: cisco
!
hostname SW1
!
interface Fa0/1
 switchport mode access
 switchport portfast
!
!
end
[/configs/switch1.cfg]

[configs/switch2.cfg]
!RANCID-CONTENT-TYPE: cisco
!
hostname SW2
!
interface Fa0/1
 switchport mode access
 switchport portfast
!
!
end
[/configs/switch2.cfg]"
Gemma-2-9B-it,"[configs/switch1.cfg]
!RANCID-CONTENT-TYPE: cisco
!
hostname SW1
!
vlan 20
 name VLAN20
!
!
end
[/configs/switch1.cfg]

[configs/switch2.cfg]
!RANCID-CONTENT-TYPE: cisco
!
hostname SW2
!
vlan 40
 name VLAN40
!
!
end
[/configs/switch2.cfg]"
Gemma-2-9B-it,"[configs/router1.cfg]
!RANCID-CONTENT-TYPE: cisco
!
hostname R1
!
interface Ethernet0/1
 ip address 10.0.12.1 255.255.255.0
 no shutdown
!
!
end
[/configs/router1.cfg]

[configs/router2.cfg]
!RANCID-CONTENT-TYPE: cisco
!
hostname R2
!
interface Ethernet0/0
 ip address 10.0.12.2 255.255.255.0
 no shutdown
!
!
end
[/configs/router2.cfg]"
Gemma-2-9B-it,"[configs/router2.cfg]
!RANCID-CONTENT-TYPE: cisco
!
hostname R2
!
interface Ethernet0/1
 ip address 10.0.23.1 255.255.255.0
 no shutdown
!
!
end
[/configs/router2.cfg]

[configs/router3.cfg]
!RANCID-CONTENT-TYPE: cisco
!
hostname R3
!
interface Ethernet0/0
 ip address 10.0.23.2 255.255.255.0
 no shutdown
!
!
end
[/configs/router3.cfg]"
Gemma-2-9B-it,"[configs/router1.cfg]
!RANCID-CONTENT-TYPE: cisco
!
hostname R1
!
interface Ethernet0/1
 ip address 10.0.12.1 255.255.255.0
 no shutdown
!
interface Ethernet0/2
 ip address 10.0.14.1 255.255.255.0
 no shutdown
!
!
end
[/configs/router1.cfg]

[configs/router2.cfg]
!RANCID-CONTENT-TYPE: cisco
!
hostname R2
!
interface Ethernet0/0
 ip address 10.0.12.2 255.255.255.0
 no shutdown
!
interface Ethernet0/1
 ip address 10.0.23.1 255.255.255.0
 no shutdown
!
interface Ethernet0/2
 ip address 10.0.24.1 255.255.255.0
 no shutdown
!
!
end
[/configs/router2.cfg]

[configs/router4.cfg]
!RANCID-CONTENT-TYPE: cisco
!
hostname R4
!
interface Ethernet0/0
 ip address 10.0.14.2 255.255.255.0
 no shutdown
!
interface Ethernet0/1
 ip address 10.0.24.2 255.255.255.0
 no shutdown
!
!
end
[/configs/router4.cfg]"
Gemma-2-9B-it,"[configs/router1.cfg]
!RANCID-CONTENT-TYPE: cisco
!
hostname R1
!
hostname Router-R1
service password-encryption
username admin password sec1
!
end
[/configs/router1.cfg]

[configs/router2.cfg]
!RANCID-CONTENT-TYPE: cisco
!
hostname R2
!
hostname Router-R2
service password-encryption
username admin password sec2
!
end
[/configs/router2.cfg]

[configs/router3.cfg]
!RANCID-CONTENT-TYPE: cisco
!
hostname R3
!
hostname Router-R3
service password-encryption
username admin password sec3
!
end
[/configs/router3.cfg]

[configs/router4.cfg]
!RANCID-CONTENT-TYPE: cisco
!
hostname R4
!
hostname Router-R4
service password-encryption
username admin password sec4
!
end
[/configs/router4.cfg]"
Gemma-2-9B-it,"[configs/router1.cfg]
!RANCID-CONTENT-TYPE: cisco
!
hostname R1
!
ntp server 10.0.1.1
clock timezone UTC
!
end
[/configs/router1.cfg]

[configs/router2.cfg]
!RANCID-CONTENT-TYPE: cisco
!
hostname R2
!
ntp server 10.0.1.1
clock timezone UTC
!
end
[/configs/router2.cfg]

[configs/router3.cfg]
!RANCID-CONTENT-TYPE: cisco
!
hostname R3
!
ntp server 10.0.1.1
clock timezone UTC
!
end
[/configs/router3.cfg]

[configs/router4.cfg]
!RANCID-CONTENT-TYPE: cisco
!
hostname R4
!
ntp server 10.0.1.1
clock timezone UTC
!
end
[/configs/router4.cfg]"
Gemma-2-9B-it,"[configs/router1.cfg]
!RANCID-CONTENT-TYPE: cisco
!
hostname R1
!
ip arp 10.0.1.10 0050.7966.6800
!
end
[/configs/router1.cfg]

[configs/router3.cfg]
!RANCID-CONTENT-TYPE: cisco
!
hostname R3
!
ip arp 10.0.2.10 0050.7966.6801
!
end
[/configs/router3.cfg]"
Gemma-2-9B-it,"[configs/router2.cfg]
!RANCID-CONTENT-TYPE: cisco
!
hostname R2
!
no ip dhcp server
!
end
[/configs/router2.cfg]

[configs/router4.cfg]
!RANCID-CONTENT-TYPE: cisco
!
hostname R4
!
no ip dhcp server
!
end
[/configs/router4.cfg]"
Gemma-2-9B-it,None
Gemma-2-9B-it,"[configs/router1.cfg]
!RANCID-CONTENT-TYPE: cisco
!
hostname R1
!
interface Ethernet0/1
 ip ospf authentication-type md5 key-id 1 password md5pass
!
!
end
[/configs/router1.cfg]

[configs/router2.cfg]
!RANCID-CONTENT-TYPE: cisco
!
hostname R2
!
interface Ethernet0/0
 ip ospf authentication-type md5 key-id 1 password md5pass
!
!
end
[/configs/router2.cfg]"
Gemma-2-9B-it,"[configs/switch1.cfg]
!RANCID-CONTENT-TYPE: cisco
!
hostname SW1
!
interface Fa0/1
 storm-control broadcast 15%
!
!
end
[/configs/switch1.cfg]

[configs/switch2.cfg]
!RANCID-CONTENT-TYPE: cisco
!
hostname SW2
!
interface Fa0/1
 storm-control broadcast 15%
!
!
end
[/configs/switch2.cfg]"
Gemma-2-9B-it,"[configs/router1.cfg]
!RANCID-CONTENT-TYPE: cisco
!
hostname R1
!
interface Ethernet0/0
 arp timeout 120
!
!
end
[/configs/router1.cfg]"
Gemma-2-9B-it,"[configs/router2.cfg]
!RANCID-CONTENT-TYPE: cisco
!
hostname R2
!
router ospf 1
 passive-interface default
 no passive-interface Ethernet0/0
!
!
end
[/configs/router2.cfg]"
Gemma-2-9B-it,"[configs/router4.cfg]
!RANCID-CONTENT-TYPE: cisco
!
hostname R4
!
ip address 10.0.14.1 0050.7966.6802
!
end
[/configs/router4.cfg]"
Gemma-2-9B-it,"[configs/router3.cfg]
!RANCID-CONTENT-TYPE: cisco
!
hostname R3
!
logging buffer 16384
!
end
[/configs/router3.cfg]"
Gemma-2-9B-it,"[configs/router3.cfg]
!RANCID-CONTENT-TYPE: cisco
!
hostname R3
!
interface Ethernet0/2
 ip address 10.0.34.2 255.255.255.0
 no shutdown
!
!
end
[/configs/router3.cfg]

[configs/router4.cfg]
!RANCID-CONTENT-TYPE: cisco
!
hostname R4
!
interface Ethernet0/2
 ip address 10.0.34.1 255.255.255.0
 no shutdown
!
!
end
[/configs/router4.cfg]"
FLAN-T5-large,None
FLAN-T5-large,None
FLAN-T5-large,None
FLAN-T5-large,None
FLAN-T5-large,None
FLAN-T5-large,None
FLAN-T5-large,None
FLAN-T5-large,None
FLAN-T5-large,None
FLAN-T5-large,None
FLAN-T5-large,None
FLAN-T5-large,None
FLAN-T5-large,None
FLAN-T5-large,None
FLAN-T5-large,None
FLAN-T5-large,None
FLAN-T5-large,None
FLAN-T5-large,None
FLAN-T5-large,None
FLAN-T5-large,None
FLAN-T5-large,None
FLAN-T5-large,None
FLAN-T5-large,None
FLAN-T5-large,None
FLAN-T5-large,None
FLAN-T5-large,None
FLAN-T5-large,None
FLAN-T5-large,None
FLAN-T5-large,None
FLAN-T5-large,None
FLAN-T5-large,None
FLAN-T5-large,None
FLAN-T5-large,None
FLAN-T5-large,None
FLAN-T5-large,None
FLAN-T5-large,None
FLAN-T5-large,None
FLAN-T5-large,None
FLAN-T5-large,None
FLAN-T5-large,None
FLAN-T5-large,None
FLAN-T5-large,None
FLAN-T5-large,None
FLAN-T5-large,None
FLAN-T5-large,None
FLAN-T5-large,None
FLAN-T5-large,None
FLAN-T5-large,None
FLAN-T5-large,None
FLAN-T5-large,None
FLAN-T5-large,None
FLAN-T5-large,None
FLAN-T5-large,None
FLAN-T5-large,None
FLAN-T5-large,None
FLAN-T5-large,None
FLAN-T5-large,None
FLAN-T5-large,None
FLAN-T5-large,None
FLAN-T5-large,None
FLAN-T5-large,None
FLAN-T5-large,None
FLAN-T5-large,None
FLAN-T5-large,None
FLAN-T5-large,None
FLAN-T5-large,None
FLAN-T5-large,None
FLAN-T5-large,None
FLAN-T5-large,None
FLAN-T5-large,None
FLAN-T5-large,None
FLAN-T5-large,None
FLAN-T5-large,None
FLAN-T5-large,None
FLAN-T5-large,None
FLAN-T5-large,None
FLAN-T5-large,None
FLAN-T5-large,None
FLAN-T5-large,None
FLAN-T5-large,None
FLAN-T5-large,None
FLAN-T5-large,None
FLAN-T5-large,None
FLAN-T5-large,None
FLAN-T5-large,None
FLAN-T5-large,None
FLAN-T5-large,None
FLAN-T5-large,None
FLAN-T5-large,None
FLAN-T5-large,None
FLAN-T5-large,None
FLAN-T5-large,None
FLAN-T5-large,None
FLAN-T5-large,None
FLAN-T5-large,None
FLAN-T5-large,None
FLAN-T5-large,None
FLAN-T5-large,None
FLAN-T5-large,None
FLAN-T5-large,None
FLAN-T5-base,None
FLAN-T5-base,None
FLAN-T5-base,None
FLAN-T5-base,None
FLAN-T5-base,None
FLAN-T5-base,None
FLAN-T5-base,None
FLAN-T5-base,None
FLAN-T5-base,None
FLAN-T5-base,None
FLAN-T5-base,None
FLAN-T5-base,None
FLAN-T5-base,None
FLAN-T5-base,None
FLAN-T5-base,None
FLAN-T5-base,None
FLAN-T5-base,None
FLAN-T5-base,None
FLAN-T5-base,None
FLAN-T5-base,None
FLAN-T5-base,None
FLAN-T5-base,None
FLAN-T5-base,None
FLAN-T5-base,None
FLAN-T5-base,None
FLAN-T5-base,None
FLAN-T5-base,None
FLAN-T5-base,None
FLAN-T5-base,None
FLAN-T5-base,None
FLAN-T5-base,None
FLAN-T5-base,None
FLAN-T5-base,None
FLAN-T5-base,None
FLAN-T5-base,None
FLAN-T5-base,None
FLAN-T5-base,None
FLAN-T5-base,None
FLAN-T5-base,None
FLAN-T5-base,None
FLAN-T5-base,None
FLAN-T5-base,None
FLAN-T5-base,None
FLAN-T5-base,None
FLAN-T5-base,None
FLAN-T5-base,None
FLAN-T5-base,None
FLAN-T5-base,None
FLAN-T5-base,None
FLAN-T5-base,None
FLAN-T5-base,None
FLAN-T5-base,None
FLAN-T5-base,None
FLAN-T5-base,None
FLAN-T5-base,None
FLAN-T5-base,None
FLAN-T5-base,None
FLAN-T5-base,None
FLAN-T5-base,None
FLAN-T5-base,None
FLAN-T5-base,None
FLAN-T5-base,None
FLAN-T5-base,None
FLAN-T5-base,None
FLAN-T5-base,None
FLAN-T5-base,None
FLAN-T5-base,None
FLAN-T5-base,None
FLAN-T5-base,None
FLAN-T5-base,None
FLAN-T5-base,None
FLAN-T5-base,None
FLAN-T5-base,None
FLAN-T5-base,None
FLAN-T5-base,None
FLAN-T5-base,None
FLAN-T5-base,None
FLAN-T5-base,None
FLAN-T5-base,None
FLAN-T5-base,None
FLAN-T5-base,None
FLAN-T5-base,None
FLAN-T5-base,None
FLAN-T5-base,None
FLAN-T5-base,None
FLAN-T5-base,None
FLAN-T5-base,None
FLAN-T5-base,None
FLAN-T5-base,None
FLAN-T5-base,None
FLAN-T5-base,None
FLAN-T5-base,None
FLAN-T5-base,None
FLAN-T5-base,None
FLAN-T5-base,None
FLAN-T5-base,None
FLAN-T5-base,None
FLAN-T5-base,None
FLAN-T5-base,None
FLAN-T5-base,None
